company,country,city_region,website,linkedin,public_contact,priority_hook,specialty,founding_year,size,founder,verdict,verdict_reason,company_verified,source
Qmed Consulting,Denmark,,https://www.qmed-consulting.com/,https://www.linkedin.com/search/results/companies/?keywords=Qmed%20Consulting,info@qmed-consulting.com,"active growth signal: regulatory/QA focus, boutique/specialist, serves startups/SMEs, growth/BD language, larger/established firm",device,2006,boutique,not published,fit,"device-regulatory, newer, boutique, independent",yes,SimplerQMS + EAAR
SPT VILECON,Denmark,,https://www.sptvilecon.com/,https://www.linkedin.com/company/spt-vilecon,contact@sptvilecon.com,"active growth signal: boutique/specialist, growth/BD language",device,,boutique,not published,fit,"device-regulatory, newer, boutique, independent",yes,SimplerQMS + SimplerQMS
CEpartner4U,Netherlands,,https://www.cepartner4u.com/,https://www.linkedin.com/search/results/companies/?keywords=CEpartner4U,office@cepartner4u.com,"no strong signal: regulatory/QA focus, boutique/specialist, serves startups/SMEs, larger/established firm",device,,boutique,not published,fit,"device-regulatory, newer, boutique, independent",yes,SimplerQMS + EAAR
RegSmart Life Science,Sweden,,https://regsmart.se/,https://www.linkedin.com/search/results/companies/?keywords=RegSmart%20Life%20Science,info@regsmart.se,"active growth signal: regulatory/QA focus, boutique/specialist, serves startups/SMEs, actively hiring, active marketing/content",device,2016,boutique,not published,fit,"device-regulatory, newer, boutique, independent",yes,SimplerQMS + SimplerQMS
Emmace Consulting,Sweden,,https://www.emmace.se/,https://www.linkedin.com/company/emmace-consulting-ab,info@emmace.se,"active growth signal: regulatory/QA focus, boutique/specialist, founder-led, serves startups/SMEs, hiring for business development (strong spend signal), active marketing/content, growth/BD language, larger/established firm",device,2006,boutique,"Svensson, CEO",fit,"device-regulatory, newer, boutique, independent",yes,SimplerQMS
Avanti Europe,Switzerland,,https://www.avanti-europe.ch/,https://www.linkedin.com/company/avantieurope,not published,"no strong signal: regulatory/QA focus, boutique/specialist, serves startups/SMEs, active marketing/content",device,,boutique,not published,fit,"device-regulatory, newer, boutique, independent",yes,SimplerQMS
QUNIQUE,Switzerland,,https://quniquegroup.com/,https://www.linkedin.com/company/11146390,info@quniquegroup.com,"active growth signal: regulatory/QA focus, boutique/specialist",device,2017,boutique,not published,fit,"device-regulatory, newer, boutique, independent",yes,SimplerQMS
Confinis,UK & Ireland,,https://www.confinis.com/,https://www.linkedin.com/company/confinis,ukrp@confinis.com,"active growth signal: regulatory/QA focus, boutique/specialist, serves startups/SMEs, exhibits at events (spend signal), active marketing/content, growth/BD language",device,,boutique,not published,fit,"device-regulatory, newer, boutique, independent",yes,SimplerQMS
Triune Technologies,UK & Ireland,,http://triunetech.co/,https://www.linkedin.com/search/results/companies/?keywords=Triune%20Technologies,not published,"no strong signal: regulatory/QA focus, boutique/specialist",device,,boutique,not published,fit,"device-regulatory, newer, boutique, independent",yes,SimplerQMS
Prosum Medical,UK & Ireland,,https://www.prosummedical.co.uk/,https://www.linkedin.com/search/results/companies/?keywords=Prosum%20Medical,info@prosummedical.co.uk,"no strong signal: boutique/specialist, serves startups/SMEs",device,,boutique,not published,fit,"device-regulatory, newer, boutique, independent",yes,SimplerQMS
Datod Consulting,UK & Ireland,,https://www.datod-consulting.co.uk/,https://www.linkedin.com/company/datod-consulting,matt.wictome@datod-consulting.co.uk,"active growth signal: regulatory/QA focus, boutique/specialist, serves startups/SMEs, active marketing/content, growth/BD language",device,,boutique,not published,fit,"device-regulatory, newer, boutique, independent",yes,SimplerQMS
The Electrospinning Company,UK & Ireland,,https://www.electrospinning.co.uk/,https://www.linkedin.com/company/the-electrospinning-company-ltd,info@electrospinning.co.uk,"no strong signal: regulatory/QA focus, boutique/specialist, exhibits at events (spend signal), active marketing/content",device,2010,boutique,not published,fit,"device-regulatory, newer, boutique, independent",yes,SimplerQMS
Seleon GmbH,,,https://www.seleon.de/,https://www.linkedin.com/company/seleon-gmbh,info@seleon.com,"active growth signal: regulatory/QA focus, serves startups/SMEs, active marketing/content",device,,verify,not published,flag,verify size on LinkedIn,yes,Constares (RA/Quality)
Obelis,,,http://obelis.net,https://www.linkedin.com/search/results/companies/?keywords=Obelis,not published,no strong signal: regulatory/QA focus,device,,verify,not published,flag,verify size on LinkedIn,yes,EAAR
Tecno Med,,,http://tecno-med.es,https://www.linkedin.com/search/results/companies/?keywords=Tecno%20Med,info@tecno-med.es,"active growth signal: regulatory/QA focus, serves startups/SMEs, exhibits at events (spend signal), active marketing/content",device,,verify,not published,flag,verify size on LinkedIn,yes,EAAR
Michor Consulting,Austria,,https://www.michor-consulting.eu/,https://www.linkedin.com/search/results/companies/?keywords=Michor%20Consulting,not published,no strong signal: regulatory/QA focus,adjacent,,verify,not published,flag,"borderline specialty — regulatory/quality consultancy — device focus unclear, verify",yes,SimplerQMS
H.M. Pharma Consultancy,Austria,,https://www.hmpharmacon.com/,https://www.linkedin.com/search/results/companies/?keywords=H.M.%20Pharma%20Consultancy,not published,no strong signal: limited public signal,adjacent,,verify,not published,flag,borderline specialty — limited device focus (1 device terms) — verify,yes,SimplerQMS
Pharmaceutical and Regulatory Services GmbH,Austria,,http://www.prsg.at/,https://www.linkedin.com/company/prsg-pharmaceutical-and-regulatory-services-gmbh,office@prsg.at,"active growth signal: regulatory/QA focus, boutique/specialist, serves startups/SMEs, active marketing/content, larger/established firm",adjacent,2007,boutique,not published,flag,borderline specialty — limited device focus (2 device terms) — verify,yes,SimplerQMS
Drehm Pharma,Austria,,https://drehm.at/en/,https://www.linkedin.com/company/drehm-pharma,not published,"no strong signal: regulatory/QA focus, boutique/specialist, serves startups/SMEs, growth/BD language",adjacent,,boutique,not published,flag,"borderline specialty — regulatory/quality consultancy — device focus unclear, verify",yes,SimplerQMS
Anapur AG,Austria,,https://anapur.de/,https://www.linkedin.com/company/anapur-ag,info@anapur.de,"no strong signal: regulatory/QA focus, boutique/specialist, serves startups/SMEs",adjacent,2006,boutique,not published,flag,"borderline specialty — regulatory/quality consultancy — device focus unclear, verify",yes,SimplerQMS
Acet Pharma,Austria,,https://www.acet.at/en,https://www.linkedin.com/search/results/companies/?keywords=Acet%20Pharma,info@acet.at,"active growth signal: regulatory/QA focus, boutique/specialist",adjacent,2016,boutique,not published,flag,"borderline specialty — regulatory/quality consultancy — device focus unclear, verify",yes,SimplerQMS
Vela Laboratories,Austria,,https://www.vela-labs.at/,https://www.linkedin.com/company/velalabs,not published,"active growth signal: regulatory/QA focus, boutique/specialist, serves startups/SMEs, active marketing/content, larger/established firm",adjacent,,boutique,not published,flag,borderline specialty — limited device focus (2 device terms) — verify,yes,SimplerQMS
Genau & More,Denmark,,https://genauandmore.com/en,https://www.linkedin.com/search/results/companies/?keywords=Genau%20&%20More,not published,no strong signal: limited public signal,adjacent,,verify,not published,flag,borderline specialty — limited device focus (1 device terms) — verify,yes,SimplerQMS + SimplerQMS + SimplerQMS
RAQA,Denmark,,https://raqa.dk/en/,https://www.linkedin.com/search/results/companies/?keywords=RAQA,not published,no strong signal: regulatory/QA focus,adjacent,,verify,not published,flag,borderline specialty — limited device focus (1 device terms) — verify,yes,SimplerQMS
IWA Consulting,Denmark,,https://iwaconsulting.dk/,https://www.linkedin.com/search/results/companies/?keywords=IWA%20Consulting,not published,"no strong signal: regulatory/QA focus, boutique/specialist",adjacent,,verify,not published,flag,borderline specialty — limited device focus (1 device terms) — verify,yes,SimplerQMS + SimplerQMS
Emendo Consulting Group,Denmark,,https://www.emendo.com/,http://www.linkedin.com/company/emendo-a-s,info@emendo.com,"no strong signal: boutique/specialist, serves startups/SMEs, active marketing/content, growth/BD language",adjacent,,boutique,not published,flag,borderline specialty — limited device focus (1 device terms) — verify,yes,SimplerQMS + SimplerQMS
Medicologic,Denmark,,https://medicologic.com/,https://www.linkedin.com/search/results/companies/?keywords=Medicologic,not published,"no strong signal: regulatory/QA focus, boutique/specialist",device,,verify,not published,flag,verify size on LinkedIn,yes,SimplerQMS
AlfaNordic,Denmark,,https://alfanordic.com/,https://www.linkedin.com/search/results/companies/?keywords=AlfaNordic,not published,"no strong signal: regulatory/QA focus, larger/established firm",adjacent,,verify,not published,flag,borderline specialty — limited device focus (1 device terms) — verify,yes,SimplerQMS + SimplerQMS
Sigma Quality & Compliance,Denmark,,https://www.sigmaqnc.com/en/,https://www.linkedin.com/search/results/companies/?keywords=Sigma%20Quality%20&%20Compliance,not published,no strong signal: limited public signal,adjacent,,verify,not published,flag,borderline specialty — limited device focus (1 device terms) — verify,yes,SimplerQMS + SimplerQMS
Borgensgaard Consulting,Denmark,,https://borgensgaard-consulting.dk/,https://www.linkedin.com/company/borgensgaard-consulting,charlotte@borgensgaard-consulting.dk,"no strong signal: regulatory/QA focus, active marketing/content",adjacent,,verify,not published,flag,borderline specialty — limited device focus (1 device terms) — verify,yes,SimplerQMS + SimplerQMS
PHARMAKIA,Denmark,,https://www.pharmakia.dk/,https://www.linkedin.com/search/results/companies/?keywords=PHARMAKIA,not published,no strong signal: regulatory/QA focus,adjacent,,verify,not published,flag,borderline specialty — limited device focus (1 device terms) — verify,yes,SimplerQMS + SimplerQMS
MEDQURE Consultancy,Denmark,,https://www.medqure.se/,https://www.linkedin.com/search/results/companies/?keywords=MEDQURE%20Consultancy,not published,no strong signal: regulatory/QA focus,adjacent,,verify,not published,flag,borderline specialty — limited device focus (2 device terms) — verify,yes,SimplerQMS
Nordic Pharma Consulting,Denmark,,http://www.nordicpharmaconsulting.com/,https://www.linkedin.com/search/results/companies/?keywords=Nordic%20Pharma%20Consulting,info@npcdk.com,"no strong signal: regulatory/QA focus, boutique/specialist, serves startups/SMEs, growth/BD language",adjacent,,boutique,not published,flag,"borderline specialty — regulatory/quality consultancy — device focus unclear, verify",yes,SimplerQMS
NORD Pharma Partners,Denmark,,https://nordpharmapartners.com/,https://www.linkedin.com/search/results/companies/?keywords=NORD%20Pharma%20Partners,not published,no strong signal: regulatory/QA focus,adjacent,,verify,not published,flag,"borderline specialty — regulatory/quality consultancy — device focus unclear, verify",yes,SimplerQMS
Sply,Denmark,,https://www.sply.dk/,https://www.linkedin.com/company/sply-aps,info@sply.dk,"no strong signal: regulatory/QA focus, growth/BD language",adjacent,,verify,not published,flag,"borderline specialty — regulatory/quality consultancy — device focus unclear, verify",yes,SimplerQMS
DiaMed,Germany,,http://www.diamed.org/de/leistungen,https://www.linkedin.com/search/results/companies/?keywords=DiaMed,not published,no strong signal: regulatory/QA focus,adjacent,,verify,not published,flag,"borderline specialty — regulatory/quality consultancy — device focus unclear, verify",yes,Constares (RA/Quality)
Diapharm GmbH & Co. KG,Germany,,https://www.diapharm.com/,https://www.linkedin.com/search/results/companies/?keywords=Diapharm%20GmbH%20&%20Co.%20KG,info@diapharm.de,"no strong signal: regulatory/QA focus, serves startups/SMEs, active marketing/content",device,,verify,not published,flag,verify size on LinkedIn,yes,Constares (RA/Quality)
HWI pharma services GmbH,Germany,,https://hwi-group.de/,https://www.linkedin.com/company/hwi-pharma-services-gmbh,not published,"active growth signal: regulatory/QA focus, boutique/specialist, serves startups/SMEs, hiring for business development (strong spend signal), active marketing/content",adjacent,,boutique,not published,flag,borderline specialty — limited device focus (1 device terms) — verify,yes,Constares (RA/Quality)
HWI regulatory services GmbH,Germany,,https://hwi-group.de/,https://www.linkedin.com/company/hwi-pharma-services-gmbh,not published,"active growth signal: regulatory/QA focus, boutique/specialist, serves startups/SMEs, hiring for business development (strong spend signal), active marketing/content",adjacent,,boutique,not published,flag,borderline specialty — limited device focus (1 device terms) — verify,yes,Constares (RA/Quality)
pharmadocs e.K.,Germany,,https://www.pharmadocs.de/,https://www.linkedin.com/search/results/companies/?keywords=pharmadocs%20e.K.,info@pharmadocs.de,no strong signal: regulatory/QA focus,adjacent,,verify,not published,flag,"borderline specialty — regulatory/quality consultancy — device focus unclear, verify",yes,Constares (RA/Quality)
Phortas GmbH,Germany,,https://www.phortas.com/,https://www.linkedin.com/company/phortas,info@phortas.com,"active growth signal: regulatory/QA focus, boutique/specialist, serves startups/SMEs, actively hiring, active marketing/content",adjacent,2008,boutique,not published,flag,borderline specialty — limited device focus (2 device terms) — verify,yes,Constares (RA/Quality)
Seuss Consulting,Netherlands,,https://consultseuss.com/,https://www.linkedin.com/company/seuss-plus-life-science-consulting,not published,"active growth signal: regulatory/QA focus, boutique/specialist, serves startups/SMEs, actively hiring, active marketing/content",adjacent,,boutique,not published,flag,borderline specialty — limited device focus (1 device terms) — verify,yes,SimplerQMS + SimplerQMS
2BMedical,Netherlands,,https://2bmedical.com/,https://www.linkedin.com/search/results/companies/?keywords=2BMedical,info@2bmedical.com,no strong signal: boutique/specialist,adjacent,,verify,not published,flag,borderline specialty — limited device focus (1 device terms) — verify,yes,SimplerQMS
Regivet,Netherlands,,http://regivet.com/,https://nl.linkedin.com/company/regivet,info@regivet.com,"active growth signal: regulatory/QA focus, boutique/specialist, founder-led, serves startups/SMEs, actively hiring",adjacent,,boutique,not published,flag,"borderline specialty — regulatory/quality consultancy — device focus unclear, verify",yes,SimplerQMS
AUTHOR! Data Analysis and Reporting,Netherlands,,https://www.author.nl/,https://www.linkedin.com/company/veristat-llc,not published,"active growth signal: regulatory/QA focus, boutique/specialist, actively hiring, active marketing/content",adjacent,,verify,not published,flag,borderline specialty — limited device focus (2 device terms) — verify,yes,SimplerQMS
Quality RA,Netherlands,,https://www.qualityra.nl/,https://www.linkedin.com/company/quality-ra-b-v-,info@qualityra.nl,"no strong signal: regulatory/QA focus, boutique/specialist",adjacent,,verify,not published,flag,"borderline specialty — regulatory/quality consultancy — device focus unclear, verify",yes,SimplerQMS
Clarvin,Sweden,,https://clarvin.com/,https://www.linkedin.com/search/results/companies/?keywords=Clarvin,not published,no strong signal: regulatory/QA focus,device,,verify,not published,flag,verify size on LinkedIn,yes,SimplerQMS
SDS MedteQ,Sweden,,https://sdsmedteq.com/,https://www.linkedin.com/search/results/companies/?keywords=SDS%20MedteQ,not published,no strong signal: regulatory/QA focus,adjacent,,verify,not published,flag,borderline specialty — limited device focus (2 device terms) — verify,yes,SimplerQMS
PlantVision,Sweden,,https://www.plantvision.se/,https://www.linkedin.com/company/plantvision-ab,info@plantvision.se,"no strong signal: regulatory/QA focus, boutique/specialist",adjacent,,verify,not published,flag,"borderline specialty — regulatory/quality consultancy — device focus unclear, verify",yes,SimplerQMS + SimplerQMS
QARA Consulting,Sweden,,https://www.qaraconsulting.se/,https://www.linkedin.com/search/results/companies/?keywords=QARA%20Consulting,not published,no strong signal: regulatory/QA focus,adjacent,,verify,not published,flag,borderline specialty — limited device focus (2 device terms) — verify,yes,SimplerQMS
Pharm Assist,Sweden,,https://www.pharmassist.se/,https://www.linkedin.com/search/results/companies/?keywords=Pharm%20Assist,not published,no strong signal: regulatory/QA focus,adjacent,,verify,not published,flag,borderline specialty — limited device focus (1 device terms) — verify,yes,SimplerQMS + SimplerQMS
Fjord Consulting,Sweden,,https://www.fjordconsulting.se/en-GB,https://www.linkedin.com/search/results/companies/?keywords=Fjord%20Consulting,not published,no strong signal: regulatory/QA focus,adjacent,,verify,not published,flag,borderline specialty — limited device focus (1 device terms) — verify,yes,SimplerQMS
Arex Advisor,Sweden,,https://www.arexadvisor.com/,https://se.linkedin.com/company/arexadvisor,contact@arexadvisor.com,"active growth signal: regulatory/QA focus, boutique/specialist, founder-led, serves startups/SMEs, actively hiring, growth/BD language",adjacent,2020,boutique,"Linda, Founder",flag,borderline specialty — limited device focus (1 device terms) — verify,yes,SimplerQMS
SDS Life Science,Sweden,,https://sdslifescience.com/,https://www.linkedin.com/search/results/companies/?keywords=SDS%20Life%20Science,not published,"no strong signal: regulatory/QA focus, boutique/specialist",adjacent,,verify,not published,flag,borderline specialty — limited device focus (1 device terms) — verify,yes,SimplerQMS
GXP CONSULTING,Switzerland,,http://www.gxp-cs.com/en,https://www.linkedin.com/search/results/companies/?keywords=GXP%20CONSULTING,contact@gxp-cs.com,"active growth signal: regulatory/QA focus, boutique/specialist, actively hiring",adjacent,,verify,not published,flag,borderline specialty — limited device focus (2 device terms) — verify,yes,SimplerQMS
GMB Services,Switzerland,,https://gmb-services.com/,https://www.linkedin.com/company/9382737,info@gmb-services.com,"active growth signal: regulatory/QA focus, actively hiring, growth/BD language",device,,verify,not published,flag,verify size on LinkedIn,yes,SimplerQMS
Meditec Consulting,Switzerland,,https://www.meditec-consulting.ch/,https://www.linkedin.com/search/results/companies/?keywords=Meditec%20Consulting,not published,no strong signal: regulatory/QA focus,adjacent,,verify,not published,flag,borderline specialty — limited device focus (2 device terms) — verify,yes,SimplerQMS
Aston Life Sciences,Switzerland,,https://www.consultys.ch/,https://www.linkedin.com/search/results/companies/?keywords=Aston%20Life%20Sciences,not published,"no strong signal: regulatory/QA focus, serves startups/SMEs",adjacent,,verify,not published,flag,borderline specialty — limited device focus (2 device terms) — verify,yes,SimplerQMS
Intilaris LifeSciences,Switzerland,,https://pharma.intilaris.com/,https://www.linkedin.com/search/results/companies/?keywords=Intilaris%20LifeSciences,not published,no strong signal: regulatory/QA focus,adjacent,,verify,not published,flag,"borderline specialty — regulatory/quality consultancy — device focus unclear, verify",yes,SimplerQMS
PharmInsight,Switzerland,,https://www.pharm-insight.com/,https://www.linkedin.com/search/results/companies/?keywords=PharmInsight,not published,no strong signal: boutique/specialist,adjacent,,boutique,not published,flag,borderline specialty — limited device focus (2 device terms) — verify,yes,SimplerQMS
ECT Healthcare Consultancy,UK & Ireland,,https://www.ecthealthcare.com/,https://www.linkedin.com/search/results/companies/?keywords=ECT%20Healthcare%20Consultancy,not published,"no strong signal: regulatory/QA focus, serves startups/SMEs",adjacent,,verify,not published,flag,borderline specialty — limited device focus (1 device terms) — verify,yes,SimplerQMS
Sensus Group,UK & Ireland,,https://sensus-group.com/,https://www.linkedin.com/search/results/companies/?keywords=Sensus%20Group,not published,"no strong signal: regulatory/QA focus, boutique/specialist",device,,verify,not published,flag,verify size on LinkedIn,yes,SimplerQMS
Meddev Solutions,UK & Ireland,,https://www.meddevsolutions.co.uk/,https://www.linkedin.com/search/results/companies/?keywords=Meddev%20Solutions,not published,no strong signal: regulatory/QA focus,adjacent,,verify,not published,flag,borderline specialty — limited device focus (2 device terms) — verify,yes,SimplerQMS
Sterile Management Systems,UK & Ireland,,https://www.sterilemanagementsystems.com/,https://www.linkedin.com/search/results/companies/?keywords=Sterile%20Management%20Systems,info@sterilemanagementsystems.com,no strong signal: regulatory/QA focus,adjacent,,verify,not published,flag,borderline specialty — limited device focus (1 device terms) — verify,yes,SimplerQMS
Arevna Consulting,UK & Ireland,,https://www.arevnaconsulting.com/,https://www.linkedin.com/search/results/companies/?keywords=Arevna%20Consulting,not published,"no strong signal: regulatory/QA focus, larger/established firm",adjacent,,verify,not published,flag,borderline specialty — limited device focus (1 device terms) — verify,yes,SimplerQMS
AlacraMed,UK & Ireland,,https://www.alacramed.com/,https://www.linkedin.com/search/results/companies/?keywords=AlacraMed,not published,no strong signal: growth/BD language,adjacent,,verify,not published,flag,borderline specialty — limited device focus (1 device terms) — verify,yes,SimplerQMS
GMP Healthcare,UK & Ireland,,https://www.biosynergyconsulting.co.uk/,https://www.linkedin.com/search/results/companies/?keywords=GMP%20Healthcare,not published,"no strong signal: regulatory/QA focus, boutique/specialist, founder-led, growth/BD language, larger/established firm",adjacent,2011,boutique,not published,flag,"borderline specialty — regulatory/quality consultancy — device focus unclear, verify",NO - site mismatch,SimplerQMS + SimplerQMS
International Device Solutions,UK & Ireland,,https://www.idevices.ch/,https://www.linkedin.com/search/results/companies/?keywords=International%20Device%20Solutions,not published,"active growth signal: regulatory/QA focus, boutique/specialist, serves startups/SMEs",adjacent,,boutique,not published,flag,borderline specialty — limited device focus (2 device terms) — verify,yes,SimplerQMS + SimplerQMS
Guide Consulting,UK & Ireland,,https://guideconsulting.co.uk/,https://www.linkedin.com/search/results/companies/?keywords=Guide%20Consulting,not published,"no strong signal: regulatory/QA focus, serves startups/SMEs",adjacent,,verify,not published,flag,borderline specialty — limited device focus (1 device terms) — verify,yes,SimplerQMS
Commala,UK & Ireland,,https://www.commala.co.uk/,https://www.linkedin.com/search/results/companies/?keywords=Commala,mike@commala.co.uk,"active growth signal: regulatory/QA focus, boutique/specialist, active marketing/content",adjacent,,boutique,not published,flag,borderline specialty — limited device focus (2 device terms) — verify,yes,SimplerQMS
Repower Quality,UK & Ireland,,https://repowerquality.com/,https://www.linkedin.com/company/RepowerQuality,not published,"no strong signal: regulatory/QA focus, serves startups/SMEs, growth/BD language",adjacent,,verify,not published,flag,"borderline specialty — regulatory/quality consultancy — device focus unclear, verify",yes,SimplerQMS
H2 Pharma Consulting,UK & Ireland,,http://www.h2pharma.co.uk/,https://www.linkedin.com/company/h2-pharma-consulting-limited,enquiries@h2pharma.co.uk,"no strong signal: regulatory/QA focus, boutique/specialist, serves startups/SMEs",adjacent,2007,verify,not published,flag,borderline specialty — limited device focus (2 device terms) — verify,yes,SimplerQMS
Pharma Quality Partners,UK & Ireland,,https://www.pharmaqpltd.com/,https://www.linkedin.com/search/results/companies/?keywords=Pharma%20Quality%20Partners,not published,no strong signal: regulatory/QA focus,adjacent,2013,verify,not published,flag,"borderline specialty — regulatory/quality consultancy — device focus unclear, verify",yes,SimplerQMS
bioSynergy Consulting,UK & Ireland,,https://www.biosynergyconsulting.co.uk/,https://www.linkedin.com/company/biosynergy-consulting-ltd,info@biosynergyconsulting.co.uk,"no strong signal: regulatory/QA focus, boutique/specialist, founder-led, growth/BD language",adjacent,2011,boutique,Niall Henderson,flag,"borderline specialty — regulatory/quality consultancy — device focus unclear, verify",yes,SimplerQMS
Strickland Quality Assurance,UK & Ireland,,http://www.stricklandqa.com/,https://www.linkedin.com/search/results/companies/?keywords=Strickland%20Quality%20Assurance,not published,"no strong signal: regulatory/QA focus, boutique/specialist",adjacent,,verify,not published,flag,"borderline specialty — regulatory/quality consultancy — device focus unclear, verify",yes,SimplerQMS
CommQP,UK & Ireland,,https://www.commqp.co.uk/,https://www.linkedin.com/search/results/companies/?keywords=CommQP,mukesh@commqp.co.uk,"active growth signal: regulatory/QA focus, boutique/specialist, serves startups/SMEs, growth/BD language",adjacent,2006,boutique,not published,flag,"borderline specialty — regulatory/quality consultancy — device focus unclear, verify",yes,SimplerQMS
Iolite Pharma Consulting,UK & Ireland,,http://www.iolitepharma.com/,https://www.linkedin.com/search/results/companies/?keywords=Iolite%20Pharma%20Consulting,not published,no strong signal: regulatory/QA focus,adjacent,,verify,not published,flag,"borderline specialty — regulatory/quality consultancy — device focus unclear, verify",yes,SimplerQMS
Designed by our friends atFilez,,,https://filez.global/,https://www.linkedin.com/search/results/companies/?keywords=Designed%20by%20our%20friends%20atFilez,info@filezsite.com.ar,"no strong signal: boutique/specialist, founder-led, hiring for business development (strong spend signal), larger/established firm",wrong,2002,large,"Diego Wasergold, owner",drop,no clear medical-device regulatory focus,yes,Umbrex
Acornregulatory,,,https://acornregulatory.com/,https://www.linkedin.com/company/acorn-regulatory,enquiries@acornregulatory.com,"active growth signal: regulatory/QA focus, boutique/specialist, serves startups/SMEs, actively hiring, active marketing/content, growth/BD language, larger/established firm",device,2001,boutique,not published,drop,established institution (founded 2001),yes,EAAR
Advena,,,http://advena.mt,https://www.linkedin.com/company/advena-ltd,info@advenaltd.eu,"active growth signal: regulatory/QA focus, serves startups/SMEs, exhibits at events (spend signal), active marketing/content",device,1998,verify,not published,drop,established institution (founded 1998),yes,EAAR
Cmcmedicaldevices,,,http://cmcmedicaldevices.com,https://www.linkedin.com/company/cmc-medical-devices-consulting,info@cmcmedicaldevices.com,"active growth signal: regulatory/QA focus, boutique/specialist, serves startups/SMEs, exhibits at events (spend signal), growth/BD language",device,2014,large,not published,drop,large-firm signals present (3),yes,EAAR
Donawa,,,http://donawa.com,https://www.linkedin.com/company/donawa-lifescience-consulting,contact@donawa.com,"active growth signal: regulatory/QA focus, boutique/specialist, founder-led, serves startups/SMEs, larger/established firm",device,1986,large,"Ladisa, CEO",drop,established institution (founded 1986),yes,EAAR
Medical Risk,,,http://medical-risk.com,https://www.linkedin.com/search/results/companies/?keywords=Medical%20Risk,contact@email.com,"no strong signal: regulatory/QA focus, boutique/specialist, serves startups/SMEs, larger/established firm",device,2006,large,not published,drop,large-firm signals present (3),yes,EAAR
Emergobyul,,,http://emergobyul.com,https://www.linkedin.com/search/results/companies/?keywords=Emergobyul,not published,"active growth signal: regulatory/QA focus, boutique/specialist, serves startups/SMEs, actively hiring, active marketing/content, growth/BD language, larger/established firm",device,1997,large,not published,drop,established institution (founded 1997),NO - site mismatch,EAAR
Iconplc,,,http://iconplc.com,https://www.linkedin.com/search/results/companies/?keywords=Iconplc,not published,"active growth signal: regulatory/QA focus, boutique/specialist, serves startups/SMEs, exhibits at events (spend signal), actively hiring, active marketing/content, growth/BD language",wrong,1990,large,not published,drop,"recruitment agency (3 recruiting terms), not a consultancy",NO - site mismatch,EAAR
Mdss,,,https://mdss.com,https://www.linkedin.com/company/medicaldevicesafetyservice,info@mdssar.com,"active growth signal: regulatory/QA focus, boutique/specialist, founder-led, serves startups/SMEs, exhibits at events (spend signal), active marketing/content, growth/BD language, larger/established firm",device,,large,Swiss Federal Council,drop,shows scale/global-footprint language,yes,EAAR
Aurevia,,,https://www.aurevia.com/services/quality-assurance-and-regulatory-affairs/market-registrations,https://www.linkedin.com/search/results/companies/?keywords=Aurevia,contact@aurevia.com,"active growth signal: regulatory/QA focus, boutique/specialist, serves startups/SMEs, hiring for business development (strong spend signal), active marketing/content, growth/BD language, larger/established firm",device,,large,not published,drop,known enterprise firm (aurevia),yes,EAAR
Mt Procons,,,http://mt-procons.com,https://www.linkedin.com/search/results/companies/?keywords=Mt%20Procons,info@mt-procons.com,"no strong signal: regulatory/QA focus, boutique/specialist, exhibits at events (spend signal), active marketing/content, larger/established firm",device,1995,large,not published,drop,established institution (founded 1995),yes,EAAR
Qarad,,,https://qarad.com/,https://www.linkedin.com/company/qarad,not published,"no strong signal: regulatory/QA focus, boutique/specialist, active marketing/content, larger/established firm",device,1986,large,not published,drop,appears acquired/part of larger group ('now part of the'),yes,EAAR
Eaar,,,https://eaar.swoogo.com/mdr_ivdr_summit_2026/BeginRegistration,https://www.linkedin.com/search/results/companies/?keywords=Eaar,EAAR@SegmentAgency.com,no strong signal: regulatory/QA focus,device,2002,verify,not published,drop,established institution (founded 2002),yes,EAAR
BioMedConsult,Austria,,https://biomedconsult.at/,https://www.linkedin.com/company/biomedconsult,office@biomedconsult.at,"no strong signal: boutique/specialist, serves startups/SMEs",wrong,2006,verify,not published,drop,no clear medical-device regulatory focus,yes,SimplerQMS
"RD&C – Research, Development & Consulting",Austria,,http://rdc-concepts.com/,"https://www.linkedin.com/search/results/companies/?keywords=RD&C%20–%20Research,%20Development%20&%20Consulting",office@rdc-impurity.com,"active growth signal: regulatory/QA focus, boutique/specialist, serves startups/SMEs, actively hiring, larger/established firm",wrong,2016,boutique,not published,drop,"pharma-only focus, not medical-device regulatory",yes,SimplerQMS
Diapharm Austria GmbH,Austria,,https://at.diapharm.com/,https://www.linkedin.com/search/results/companies/?keywords=Diapharm%20Austria%20GmbH,not published,no strong signal: limited public signal,wrong,,verify,not published,drop,no clear medical-device regulatory focus,yes,Constares (RA/Quality)
SAXOCON,Denmark,,https://www.saxocon.com/,https://www.linkedin.com/search/results/companies/?keywords=SAXOCON,not published,no strong signal: larger/established firm,device,,large,not published,drop,shows scale/global-footprint language,yes,SimplerQMS + SimplerQMS
Pharmaceutical Engineering Consultants (PEC),Denmark,,http://www.pec.dk/,https://www.linkedin.com/search/results/companies/?keywords=Pharmaceutical%20Engineering%20Consultants%20(PEC),not published,"active growth signal: boutique/specialist, exhibits at events (spend signal), actively hiring, active marketing/content, growth/BD language, larger/established firm",adjacent,1951,large,not published,drop,established institution (founded 1951),NO - site mismatch,SimplerQMS + SimplerQMS
Technolution,Denmark,,https://technolution-tn.com/,https://www.linkedin.com/search/results/companies/?keywords=Technolution,not published,"active growth signal: regulatory/QA focus, boutique/specialist, serves startups/SMEs, exhibits at events (spend signal), actively hiring, active marketing/content, growth/BD language, larger/established firm",device,,large,not published,drop,large-firm signals present (2),NO - site mismatch,SimplerQMS
Aquilo Consulting,Denmark,,https://aquiloconsulting.com/,https://www.linkedin.com/company/aquilo-healthcare-consulting,contact@aquiloconsulting.com,"active growth signal: boutique/specialist, active marketing/content, larger/established firm",adjacent,,large,not published,drop,large-firm signals present (2),yes,SimplerQMS + SimplerQMS
Billev Pharma,Denmark,,http://billevpharma.dk/,https://www.linkedin.com/company/billev-pharma-east,hello@billevpharma.dk,"active growth signal: regulatory/QA focus, boutique/specialist, exhibits at events (spend signal), actively hiring, active marketing/content",wrong,,verify,not published,drop,"pharmacovigilance focus, not medical-device regulatory",yes,SimplerQMS
Zealth,Denmark,,https://www.zealthcon.com/,https://www.linkedin.com/search/results/companies/?keywords=Zealth,not published,no strong signal: limited public signal,wrong,,verify,not published,drop,no clear medical-device regulatory focus,yes,SimplerQMS
TriTiCon,Denmark,,https://www.triticon.com/,https://www.linkedin.com/search/results/companies/?keywords=TriTiCon,info@triticon.com,"active growth signal: boutique/specialist, serves startups/SMEs, actively hiring, active marketing/content, growth/BD language, larger/established firm",wrong,,large,not published,drop,no clear medical-device regulatory focus,yes,SimplerQMS
Solural Pharma,Denmark,,https://soluralpharma.com/,https://www.linkedin.com/search/results/companies/?keywords=Solural%20Pharma,not published,no strong signal: limited public signal,wrong,,verify,not published,drop,no clear medical-device regulatory focus,yes,SimplerQMS
Dr. Ebeling & Asso. GmbH,Germany,,http://www.ebeling-assoc.com/,https://www.linkedin.com/search/results/companies/?keywords=Dr.%20Ebeling%20&%20Asso.%20GmbH,not published,"no strong signal: regulatory/QA focus, serves startups/SMEs",wrong,,verify,not published,drop,"pharmacovigilance focus, not medical-device regulatory",yes,Constares (RA/Quality)
Granzer Regulatory Consulting & Services,Germany,,http://www.granzer.biz/,https://www.linkedin.com/search/results/companies/?keywords=Granzer%20Regulatory%20Consulting%20&%20Services,contact@granzer.biz,"active growth signal: regulatory/QA focus, boutique/specialist, serves startups/SMEs, actively hiring, growth/BD language",wrong,2002,verify,not published,drop,"pharma-only focus, not medical-device regulatory",yes,Constares (RA/Quality)
IQVIA Commercial GmbH & Co. OHG,Germany,,https://www.iqvia.com/,https://www.linkedin.com/company/iqvia,not published,"active growth signal: regulatory/QA focus, boutique/specialist, serves startups/SMEs, actively hiring, active marketing/content, growth/BD language, larger/established firm",adjacent,2022,large,not published,drop,known enterprise firm (iqvia),yes,Constares (RA/Quality)
IQVIA CSMS GmbH,Germany,,https://www.iqvia.com/,https://www.linkedin.com/company/iqvia,not published,"active growth signal: regulatory/QA focus, boutique/specialist, serves startups/SMEs, actively hiring, active marketing/content, growth/BD language, larger/established firm",adjacent,2022,large,not published,drop,known enterprise firm (iqvia),yes,Constares (RA/Quality)
IQVIA RDS GmbH,Germany,,https://www.iqvia.com/,https://www.linkedin.com/company/iqvia,not published,"active growth signal: regulatory/QA focus, boutique/specialist, serves startups/SMEs, actively hiring, active marketing/content, growth/BD language, larger/established firm",adjacent,2022,large,not published,drop,known enterprise firm (iqvia),yes,Constares (RA/Quality)
Kohne Pharma GmbH,Germany,,http://www.kohne-pharma.com/,https://www.linkedin.com/search/results/companies/?keywords=Kohne%20Pharma%20GmbH,not published,"active growth signal: regulatory/QA focus, serves startups/SMEs, actively hiring, active marketing/content, larger/established firm",adjacent,,large,not published,drop,shows scale/global-footprint language,NO - site mismatch,Constares (RA/Quality)
MedPharmTec,Germany,,http://www.medpharmtec.de/,https://www.linkedin.com/company/medpharmtec,not published,no strong signal: regulatory/QA focus,adjacent,1994,verify,not published,drop,established institution (founded 1994),yes,Constares (RA/Quality)
medunit GmbH,Germany,,https://www.medunit.de/,https://www.linkedin.com/search/results/companies/?keywords=medunit%20GmbH,not published,no strong signal: limited public signal,wrong,,verify,not published,drop,no clear medical-device regulatory focus,yes,Constares (RA/Quality)
NDA Regulatory Service GmbH,Germany,,http://www.ndareg.com/,https://www.linkedin.com/company/ssi-strategy,Letstalk@ssistrategy.com,"active growth signal: regulatory/QA focus, boutique/specialist, serves startups/SMEs, actively hiring, active marketing/content, growth/BD language, larger/established firm",wrong,,boutique,not published,drop,"pharma-only focus, not medical-device regulatory",yes,Constares (RA/Quality)
Pharmalex GmbH,Germany,,http://www.pharmalex.com/worldwide-locations/,https://www.linkedin.com/company/5364074,not published,"active growth signal: regulatory/QA focus, boutique/specialist, serves startups/SMEs, exhibits at events (spend signal), actively hiring, active marketing/content, growth/BD language, larger/established firm",adjacent,,large,not published,drop,large-firm signals present (4),yes,Constares (RA/Quality)
SCRATCH Pharmacovigilance GmbH,Germany,,http://www.scratch-pv.com/,https://www.linkedin.com/search/results/companies/?keywords=SCRATCH%20Pharmacovigilance%20GmbH,kontakt@scratch-pv.com,no strong signal: serves startups/SMEs,wrong,,verify,not published,drop,"pharmacovigilance focus, not medical-device regulatory",yes,Constares (RA/Quality)
Zwiers Regulatory Consultancy,Netherlands,,https://www.az-regulatory.com/,https://www.linkedin.com/company/zwiers-regulatory-consultancy-bv,info@az-regulatory.com,"no strong signal: regulatory/QA focus, boutique/specialist, serves startups/SMEs, actively hiring",adjacent,,large,not published,drop,large-firm signals present (3),yes,SimplerQMS + SimplerQMS
PCS – Pharmaceutical Consultancy Services,Netherlands,,https://www.pcs-nl.com/,https://www.linkedin.com/company/pcswoerden,not published,"active growth signal: regulatory/QA focus, boutique/specialist, serves startups/SMEs, actively hiring, active marketing/content",adjacent,1990,boutique,not published,drop,established institution (founded 1990),yes,SimplerQMS + SimplerQMS
Interdos,Netherlands,,https://www.interdos.nl/,https://www.linkedin.com/company/27001490,pv@interdos.nl,"active growth signal: regulatory/QA focus, boutique/specialist, founder-led, serves startups/SMEs, actively hiring, growth/BD language, larger/established firm",device,1997,large,Gloria,drop,established institution (founded 1997),yes,SimplerQMS + SimplerQMS
PSR Orphan Experts,Netherlands,,https://orphandrugexperts.com/,https://www.linkedin.com/search/results/companies/?keywords=PSR%20Orphan%20Experts,not published,no strong signal: regulatory/QA focus,wrong,,verify,not published,drop,no clear medical-device regulatory focus,yes,SimplerQMS
DADA Consultancy,Netherlands,,https://www.dada.nl/,https://www.linkedin.com/company/dada-consultancy-b,office@dada.nl,"no strong signal: regulatory/QA focus, boutique/specialist, active marketing/content",adjacent,1984,boutique,not published,drop,established institution (founded 1984),yes,SimplerQMS
BMclinical,Netherlands,,https://www.bmclinical.com/,https://www.linkedin.com/search/results/companies/?keywords=BMclinical,not published,"no strong signal: regulatory/QA focus, boutique/specialist, serves startups/SMEs, larger/established firm",wrong,,large,not published,drop,no clear medical-device regulatory focus,NO - site mismatch,SimplerQMS
CURARE,Netherlands,,https://www.curareconsulting.com/,https://nl.linkedin.com/company/curareconsulting,info@curareconsulting.com,"active growth signal: regulatory/QA focus, boutique/specialist, founder-led, actively hiring, active marketing/content, growth/BD language, larger/established firm",wrong,1996,verify,"Jan Noukens, Principal Consultant",drop,"pharmacometrics focus, not medical-device regulatory",yes,SimplerQMS
Occams,Netherlands,,https://www.occams.com/,https://www.linkedin.com/company/occams,info@occams.eu,"no strong signal: regulatory/QA focus, boutique/specialist, serves startups/SMEs, exhibits at events (spend signal), active marketing/content, growth/BD language",wrong,1996,boutique,not published,drop,"pharmacometrics focus, not medical-device regulatory",yes,SimplerQMS
Progress-PME,Netherlands,,https://www.progress-pme.nl/,https://www.linkedin.com/search/results/companies/?keywords=Progress-PME,not published,"active growth signal: regulatory/QA focus, boutique/specialist, actively hiring, active marketing/content",adjacent,,boutique,not published,drop,appears acquired/part of larger group ('joined forces with'),NO - site mismatch,SimplerQMS
DGr Pharma,Netherlands,,https://www.dgrpharma.com/,https://www.linkedin.com/search/results/companies/?keywords=DGr%20Pharma,not published,"active growth signal: regulatory/QA focus, boutique/specialist, founder-led, serves startups/SMEs, actively hiring, growth/BD language, larger/established firm",wrong,2001,boutique,"Erik, co-founder",drop,appears acquired/part of larger group ('acquired by'),yes,SimplerQMS
Kantisto Separation Sciences,Netherlands,,https://www.kantisto.nl/index.php,https://www.linkedin.com/search/results/companies/?keywords=Kantisto%20Separation%20Sciences,not published,"active growth signal: regulatory/QA focus, boutique/specialist, founder-led, larger/established firm",wrong,2006,boutique,"Griend, founder",drop,no clear medical-device regulatory focus,yes,SimplerQMS
LAP&P Consultants,Netherlands,,https://lapp.nl/,https://www.linkedin.com/search/results/companies/?keywords=LAP&P%20Consultants,not published,no strong signal: limited public signal,wrong,,verify,not published,drop,"pharmacometrics focus, not medical-device regulatory",yes,SimplerQMS
KEY2COMPLIANCE,Sweden,,https://key2compliance.com/,https://www.linkedin.com/company/key2compliance,info@key2compliance.com,"active growth signal: regulatory/QA focus, boutique/specialist, serves startups/SMEs, actively hiring, active marketing/content, growth/BD language, larger/established firm",device,,large,not published,drop,large-firm signals present (3),yes,SimplerQMS + SimplerQMS
Scandinavian CRO,Sweden,,https://scro.se/,https://www.linkedin.com/search/results/companies/?keywords=Scandinavian%20CRO,contact@aurevia.com,"active growth signal: regulatory/QA focus, boutique/specialist, exhibits at events (spend signal), actively hiring, active marketing/content, growth/BD language",device,,large,not published,drop,known enterprise firm (aurevia),yes,SimplerQMS + SimplerQMS
Scandinavian Regulatory Services (SRS),Sweden,,https://www.srs.se/,https://www.linkedin.com/company/scandinavian-regulatory-services-ab,not published,"no strong signal: regulatory/QA focus, boutique/specialist, founder-led, serves startups/SMEs, larger/established firm",device,1992,large,"Lars Janson, Managing Director",drop,established institution (founded 1992),yes,SimplerQMS + SimplerQMS
QAdvis,Sweden,,https://www.qadvis.com/,https://www.linkedin.com/search/results/companies/?keywords=QAdvis,not published,"active growth signal: regulatory/QA focus, boutique/specialist, exhibits at events (spend signal), actively hiring, active marketing/content, growth/BD language",device,,large,not published,drop,known enterprise firm (aurevia),NO - site mismatch,SimplerQMS
Scientific Solutions Scandinavia,Sweden,,http://www.scientificsolutions.se/english/,https://www.linkedin.com/search/results/companies/?keywords=Scientific%20Solutions%20Scandinavia,not published,"no strong signal: regulatory/QA focus, boutique/specialist",wrong,,verify,not published,drop,no clear medical-device regulatory focus,yes,SimplerQMS + SimplerQMS
MedQtech,Sweden,,https://www.medqtech.se/,https://www.linkedin.com/company/medqtech,info@medqtech.com,"active growth signal: regulatory/QA focus, boutique/specialist, serves startups/SMEs, actively hiring, active marketing/content, growth/BD language",device,,large,not published,drop,shows scale/global-footprint language,yes,SimplerQMS
J.F.B Consulting,Sweden,,https://www.jfb-consulting.com/,https://www.linkedin.com/company/33215717,info@jfb-consulting.com,"active growth signal: regulatory/QA focus, boutique/specialist, serves startups/SMEs",adjacent,1986,verify,not published,drop,established institution (founded 1986),yes,SimplerQMS + SimplerQMS
Devicia,Sweden,,https://devicia.com/,https://www.linkedin.com/company/veranex,not published,"active growth signal: regulatory/QA focus, boutique/specialist, serves startups/SMEs, actively hiring, active marketing/content, growth/BD language",device,,large,not published,drop,appears acquired/part of larger group ('now part of the'),yes,SimplerQMS
Truly Translational Sweden,Sweden,,https://www.trulytranslational.com/,https://www.linkedin.com/company/truly-labs-ab,not published,"active growth signal: regulatory/QA focus, boutique/specialist, serves startups/SMEs, growth/BD language",adjacent,2011,boutique,not published,drop,appears acquired/part of larger group ('a subsidiary of'),yes,SimplerQMS
Phase2Phase Biopharma Consulting,Sweden,,https://phase2phase.com/,https://www.linkedin.com/search/results/companies/?keywords=Phase2Phase%20Biopharma%20Consulting,contact@phase2phase.com,"no strong signal: regulatory/QA focus, boutique/specialist, serves startups/SMEs",adjacent,2001,boutique,not published,drop,established institution (founded 2001),yes,SimplerQMS
Willuhn Consulting,Sweden,,http://willuhn.se/,https://www.linkedin.com/company/willuhn-consulting-ab,MWILLUHN@WILLUHN.SE,"no strong signal: regulatory/QA focus, serves startups/SMEs",wrong,,verify,not published,drop,"pharma-only focus, not medical-device regulatory",yes,SimplerQMS
Nordic Market Access (NMA),Sweden,,https://nordicmarketaccess.com/,https://www.linkedin.com/company/nordic-market-access-nma,info@nordicmarketaccess.com,"no strong signal: boutique/specialist, serves startups/SMEs, larger/established firm",wrong,2020,boutique,not published,drop,no clear medical-device regulatory focus,yes,SimplerQMS
Pharmetheus,Sweden,,https://pharmetheus.com/,https://www.linkedin.com/company/pharmetheus,info@pharmetheus.com,"active growth signal: regulatory/QA focus, boutique/specialist, serves startups/SMEs, actively hiring, active marketing/content, growth/BD language",wrong,2012,boutique,not published,drop,"pharmacometrics focus, not medical-device regulatory",yes,SimplerQMS
Beyond Conception,Switzerland,,https://www.beyond-conception.com/,https://www.linkedin.com/company/beyond-conception,contact@beyond-conception.com,"active growth signal: regulatory/QA focus, boutique/specialist, founder-led, growth/BD language, larger/established firm",device,,large,not published,drop,large-firm signals present (2),yes,SimplerQMS
Carag,Switzerland,,https://www.carag.com/en/,https://www.linkedin.com/search/results/companies/?keywords=Carag,info@opten.ch,"active growth signal: regulatory/QA focus, boutique/specialist, serves startups/SMEs, actively hiring",device,2001,verify,not published,drop,established institution (founded 2001),yes,SimplerQMS
Axxos,Switzerland,,https://www.axxos.ch/en/,https://www.linkedin.com/company/axxos-ag,info@axxos.ch,"active growth signal: regulatory/QA focus, boutique/specialist, serves startups/SMEs, exhibits at events (spend signal), active marketing/content, larger/established firm",device,2006,verify,not published,drop,appears acquired/part of larger group ('a subsidiary of'),yes,SimplerQMS
The Tao of Excellence,Switzerland,,https://taoexcellence.ch/,https://www.linkedin.com/company/taoexcellence,meetus@taoexcellence.ch,"no strong signal: regulatory/QA focus, boutique/specialist, serves startups/SMEs, growth/BD language",device,2002,boutique,not published,drop,established institution (founded 2002),yes,SimplerQMS
Trinzo,Switzerland,,https://www.trinzo.com/,https://www.linkedin.com/company/trinzo,info@trinzo.com,"active growth signal: regulatory/QA focus, boutique/specialist, founder-led, serves startups/SMEs, actively hiring, active marketing/content, growth/BD language, larger/established firm",device,2001,large,"Conor, CEO",drop,established institution (founded 2001),yes,SimplerQMS
Congenius,Switzerland,,https://congenius.ch/,https://www.linkedin.com/company/congenius-ag,not published,"active growth signal: regulatory/QA focus, boutique/specialist, founder-led, serves startups/SMEs, exhibits at events (spend signal), active marketing/content, growth/BD language, larger/established firm",wrong,1991,large,"Marc, CEO",drop,"recruitment agency (3 recruiting terms), not a consultancy",yes,SimplerQMS
ATP-CGPharm Group,Switzerland,,https://atp-cgpharm-group.com/,https://www.linkedin.com/company/atp-cgpharmgroup,not published,"active growth signal: regulatory/QA focus, boutique/specialist, serves startups/SMEs, actively hiring, active marketing/content, growth/BD language",adjacent,1996,boutique,not published,drop,established institution (founded 1996),yes,SimplerQMS
MHHC,Switzerland,,https://mhhc.ch/,https://www.linkedin.com/search/results/companies/?keywords=MHHC,consulting@mhhc.ch,"no strong signal: founder-led, hiring for business development (strong spend signal)",wrong,2006,verify,"Maria Heimgartner, CEO",drop,no clear medical-device regulatory focus,yes,SimplerQMS
InsideReg,Switzerland,,https://insidereg.com/,https://www.linkedin.com/company/insidereg,contact@insidereg.com,"active growth signal: regulatory/QA focus, boutique/specialist, founder-led, serves startups/SMEs, active marketing/content, growth/BD language",wrong,,verify,"Laura Millichamp, founder",drop,"pharma-only focus, not medical-device regulatory",yes,SimplerQMS
Maxia Strategies,Switzerland,,https://maxiastrategies.com/,https://www.linkedin.com/search/results/companies/?keywords=Maxia%20Strategies,office@maxiastrategies.com,"no strong signal: regulatory/QA focus, boutique/specialist, serves startups/SMEs, actively hiring, larger/established firm",adjacent,2006,large,not published,drop,shows scale/global-footprint language,yes,SimplerQMS
ObelysQ,Switzerland,,https://obelysq.com/en/home,https://www.linkedin.com/company/obelysq-sa,info@obelysq.com,"no strong signal: regulatory/QA focus, boutique/specialist, serves startups/SMEs, larger/established firm",adjacent,,large,not published,drop,large-firm signals present (2),yes,SimplerQMS
Phact,Switzerland,,https://phact.ch/,https://www.linkedin.com/company/phact,not published,"no strong signal: regulatory/QA focus, larger/established firm",adjacent,,large,not published,drop,shows scale/global-footprint language,yes,SimplerQMS
THAY Medical,UK & Ireland,,https://www.thaymedical.com/,https://uk.linkedin.com/company/thay-medical-ltd,enquiries@thaymedical.com,"no strong signal: regulatory/QA focus, boutique/specialist, active marketing/content, larger/established firm",device,,large,not published,drop,shows scale/global-footprint language,yes,SimplerQMS
Haughton Design,UK & Ireland,,https://haughtondesign.co.uk/,https://www.linkedin.com/company/haughton-design,enquiries@haughtondesign.co.uk,"active growth signal: regulatory/QA focus, boutique/specialist, founder-led, serves startups/SMEs, actively hiring, active marketing/content, growth/BD language, larger/established firm",device,1995,boutique,"Ghadar Ash, owner",drop,established institution (founded 1995),yes,SimplerQMS
Psephos Biomedica,UK & Ireland,,https://www.psephos.com/,https://www.linkedin.com/company/psephos-biomedica,info@psephos.com,"active growth signal: regulatory/QA focus, boutique/specialist, serves startups/SMEs, active marketing/content, growth/BD language",device,2001,boutique,not published,drop,established institution (founded 2001),yes,SimplerQMS
Advena Medical,UK & Ireland,,http://www.advenamedical.com/,https://www.linkedin.com/company/advenauk,info@advenamedical.com,"active growth signal: regulatory/QA focus, boutique/specialist, serves startups/SMEs, exhibits at events (spend signal), actively hiring, active marketing/content, growth/BD language",device,1996,boutique,not published,drop,established institution (founded 1996),yes,SimplerQMS
Flintloque Management Systems,UK & Ireland,,https://www.flintloque.co.uk/,https://www.linkedin.com/company/flintloque-management-systems,enquiries@flintloque.co.uk,"active growth signal: regulatory/QA focus, actively hiring, active marketing/content",adjacent,,large,not published,drop,shows scale/global-footprint language,yes,SimplerQMS
Springboard Pro,UK & Ireland,,https://www.springboard.pro/,https://www.linkedin.com/company/sannergroup,info@sanner-group.com,"active growth signal: regulatory/QA focus, boutique/specialist, serves startups/SMEs, active marketing/content",device,2021,large,not published,drop,large-firm signals present (2),yes,SimplerQMS
Lorit Consultancy,UK & Ireland,,https://lorit-consultancy.com/,https://www.linkedin.com/company/lorit-consultancy,info@lorit-consultancy.com,"active growth signal: regulatory/QA focus, boutique/specialist, serves startups/SMEs, exhibits at events (spend signal), hiring for business development (strong spend signal), active marketing/content, growth/BD language",device,2006,large,not published,drop,known enterprise firm (tüv),yes,SimplerQMS
Clarity Compliance Solutions,UK & Ireland,,https://www.clarity-compliance.com/,https://www.linkedin.com/company/9463018,enquiries@clarity-compliance.com,"no strong signal: regulatory/QA focus, boutique/specialist, serves startups/SMEs, growth/BD language, larger/established firm",adjacent,,large,not published,drop,shows scale/global-footprint language,yes,SimplerQMS + SimplerQMS
QVigilance,UK & Ireland,,https://www.qvigilance.com/,https://www.linkedin.com/company/qvigilance,info@qvigilance.com,"active growth signal: regulatory/QA focus, boutique/specialist, founder-led, active marketing/content, growth/BD language, larger/established firm",adjacent,2008,large,Kate Chasmar,drop,large-firm signals present (2),yes,SimplerQMS
The GMP Group,UK & Ireland,,https://www.thegmpgroup.com/,https://www.linkedin.com/search/results/companies/?keywords=The%20GMP%20Group,info@thegmpgroup.com,"active growth signal: regulatory/QA focus, boutique/specialist, serves startups/SMEs, actively hiring, growth/BD language, larger/established firm",device,1997,large,not published,drop,established institution (founded 1997),yes,SimplerQMS
Compliance Angels,UK & Ireland,,https://complianceangels.com/index.html,https://www.linkedin.com/company/compliance-angels,enquiries@complianceangels.com,"active growth signal: regulatory/QA focus, boutique/specialist, growth/BD language",wrong,,boutique,not published,drop,"recruitment agency (3 recruiting terms), not a consultancy",yes,SimplerQMS
Drive Phase PV,UK & Ireland,,https://www.drivephasepv.com/,https://www.linkedin.com/company/drive-phase-pv,info@drivephasepv.com,"active growth signal: regulatory/QA focus, boutique/specialist, founder-led, active marketing/content",wrong,2018,boutique,Tom Nichols Tom,drop,"pharmacovigilance focus, not medical-device regulatory",yes,SimplerQMS
Alacrita Consulting,UK & Ireland,,https://www.alacrita.com/,https://www.linkedin.com/company/alacrita-consulting,asouthwell@alacrita.com,"active growth signal: regulatory/QA focus, boutique/specialist, serves startups/SMEs, actively hiring, active marketing/content, growth/BD language",wrong,,boutique,not published,drop,"pharma-only focus, not medical-device regulatory",yes,SimplerQMS
ZigZag,UK & Ireland,,http://www.stricklandqa.com/,https://www.linkedin.com/search/results/companies/?keywords=ZigZag,not published,no strong signal: limited public signal,wrong,,verify,not published,drop,no clear medical-device regulatory focus,yes,SimplerQMS
Purple Vigilance,UK & Ireland,,http://purplevigilance.co.uk/,https://www.linkedin.com/search/results/companies/?keywords=Purple%20Vigilance,not published,"active growth signal: boutique/specialist, founder-led, serves startups/SMEs",wrong,2011,boutique,Ruth,drop,"pharmacovigilance focus, not medical-device regulatory",yes,SimplerQMS
Semper Vigilance,UK & Ireland,,http://www.sempervigilance.com/index.html,https://www.linkedin.com/search/results/companies/?keywords=Semper%20Vigilance,not published,"no strong signal: regulatory/QA focus, active marketing/content",wrong,,verify,not published,drop,no clear medical-device regulatory focus,yes,SimplerQMS
