company,country,signal,signal_reason,founder,role,founded_year,public_email,linkedin,icp_signals,description,website,enriched,source
Technolution,Denmark,🔥 HOT,"regulatory/QA focus, boutique/specialist, serves startups/SMEs, exhibits at events (spend signal), actively hiring, active marketing/content, growth/BD language, larger/established firm",not published,,,contact@mgsmfg.com,https://www.linkedin.com/company/mgs-mfg-group,"startup/SME-facing, regulatory/QA focus","Technolution is a consulting company that helps Medical Device companies within areas like Mechanical engineering, Usability Engineering (HFE), Design & User Experience (UX), Test & Verification, Design Control, Business Development, and Quality Management. The firm also retains a special focus on Pharma companies, as well as MedTech start-ups.",https://technolution-tn.com/,yes,SimplerQMS directory
Congenius,Switzerland,🔥 HOT,"regulatory/QA focus, boutique/specialist, founder-led, serves startups/SMEs, exhibits at events (spend signal), active marketing/content, growth/BD language, larger/established firm",Marc,CEO,1991,not published,https://www.linkedin.com/company/congenius-ag,"startup/SME-facing, boutique/specialist, regulatory/QA focus","Congenius offers smart Medical Device consultancy services in the fields of Quality, Regulatory, eHealth, Clinical, and Operations. The company provides tailored expertise and leadership to global firms, established SME’s, as well as aspiring start-ups in the medical device, in-vitro diagnostics, and pharmaceutical industry.",https://congenius.ch/,yes,SimplerQMS directory
Advena Medical,UK & Ireland,🔥 HOT,"regulatory/QA focus, boutique/specialist, serves startups/SMEs, exhibits at events (spend signal), actively hiring, active marketing/content, growth/BD language",not published,Managing Director,,info@advenamedical.com,https://www.linkedin.com/company/advenauk,"startup/SME-facing, regulatory/QA focus",Advena Ltd. was founded in 1996 and provides cost-effective regulatory affairs consulting services to small and medium-sized medical device manufacturers and distributors seeking to import their medical devices into the European Union.,http://www.advenamedical.com/,yes,SimplerQMS directory
Billev Pharma,Denmark,🔥 HOT,"regulatory/QA focus, boutique/specialist, exhibits at events (spend signal), actively hiring, active marketing/content",not published,Owner,,hello@billevpharma.dk,https://www.linkedin.com/company/billev-pharma-east,"boutique/specialist, regulatory/QA focus",Billev Pharma specializes in Regulatory Affairs and Pharmacovigilance for the Pharmaceutical industry and helps in situations where the companies in question either have no specialized staff or have too little capacity. Over the years the consultancy assisted companies with assignments ranging from national registrations over the Mutual Recognition to Decentralised and Centralised procedures.,http://billevpharma.dk/,yes,SimplerQMS directory
Occams,Netherlands,🔥 HOT,"regulatory/QA focus, boutique/specialist, serves startups/SMEs, exhibits at events (spend signal), active marketing/content, growth/BD language",not published,,2016,info@occams.eu,https://www.linkedin.com/company/occams,regulatory/QA focus,"Occams provides strategic services to companies in the Pharmaceutical industry. The firm offers its services not only in the Netherlands but also globally, and specializes in the field of population pharmacokinetics, advanced PK/PD modeling, and drug-disease modeling and simulation. In addition, Occams offers services in the area of preparation and/or review of documentation for regulatory submiss",https://www.occams.com/,yes,SimplerQMS directory
Scandinavian CRO,Sweden,🔥 HOT,"regulatory/QA focus, boutique/specialist, exhibits at events (spend signal), actively hiring, active marketing/content, growth/BD language",not published,CEO,,contact@aurevia.com,,boutique/specialist,"Scandinavian CRO is a full-service Contract Research Organisation offering both consultancy and specific, stand-alone services. The company performs complete studies or parts of projects within the field of clinical trials for both Pharmaceuticals and Medical Device. When hiring a consultant from Scandinavian CRO, you can choose between specialists, like project managers, clinical research associa",https://scro.se/,yes,SimplerQMS directory
RegSmart Life Science,Sweden,🔥 HOT,"regulatory/QA focus, boutique/specialist, serves startups/SMEs, actively hiring, active marketing/content",not published,CEO,2019,info@regsmart.se,,regulatory/QA focus,"RegSmart Life Science is a regulatory consultancy firm that helps Medical Device and Pharmaceutical companies navigate in a complex and evolving regulatory landscape. With long regulatory and scientific experience from senior roles at the regulatory agency and from small and big Life Science companies, the firm can build your regulatory strategy in line with current thinking.",https://regsmart.se/,yes,SimplerQMS directory
QAdvis,Sweden,🔥 HOT,"regulatory/QA focus, boutique/specialist, exhibits at events (spend signal), actively hiring, active marketing/content, growth/BD language",not published,CEO,,contact@aurevia.com,,regulatory/QA focus,"QAdvis is a longstanding provider of Quality and System Management, Risk Management, Compliance, Training, Interim Management, and Regulatory Affairs. Offering a thorough knowledge and understanding of the Medical Device industry, based on 30 years of professional experience, QAdvis has the tools to help take MedTech innovations to domestic and international markets.",https://www.qadvis.com/,yes,SimplerQMS directory
MedQtech,Sweden,🔥 HOT,"regulatory/QA focus, boutique/specialist, serves startups/SMEs, actively hiring, active marketing/content, growth/BD language",not published,,,info@medqtech.com,https://www.linkedin.com/company/medqtech,regulatory/QA focus,MedQtech is a consulting company with experienced professionals with high competence who support customers in the Medical Device industry within areas like Quality and Regulatory compliance. The firm can support you in writing specific processes or implementing a full Quality Management System. It also provides customized training within the regulatory and quality field in the Medical Device Indus,https://www.medqtech.se/,yes,SimplerQMS directory
Devicia,Sweden,🔥 HOT,"regulatory/QA focus, boutique/specialist, serves startups/SMEs, actively hiring, active marketing/content, growth/BD language",not published,,,not published,https://www.linkedin.com/company/veranex,regulatory/QA focus,"Devicia provides full-service solutions and consultancy services within the Medical Device industry. The firm specializes in Quality, Regulatory, and Clinical Affairs. Therefore, it offers full-service solutions within Medical Writing, Clinical Investigation consultancy services, Regulatory Affairs, and Training modules within regulatory and clinical processes.",https://devicia.com/,yes,SimplerQMS directory
Arex Advisor,Sweden,🔥 HOT,"regulatory/QA focus, boutique/specialist, founder-led, serves startups/SMEs, actively hiring, growth/BD language",Linda,Founder,2020,contact@arexadvisor.com,https://se.linkedin.com/company/arexadvisor,"boutique/specialist, regulatory/QA focus","Arex Advisor is an employee-owned company that helps Pharmaceutical companies bringing medicines to the market. Arex has a team of experts in Regulatory Affairs, Market Access, and Strategic Business Development. The firm offers strategic advice and operational expertise throughout the whole product life-cycle.",https://www.arexadvisor.com/,yes,SimplerQMS directory
Pharmetheus,Sweden,🔥 HOT,"regulatory/QA focus, boutique/specialist, serves startups/SMEs, actively hiring, active marketing/content, growth/BD language",not published,CEO,2012,info@pharmetheus.com,https://www.linkedin.com/company/pharmetheus,regulatory/QA focus,"Pharmetheus is a consulting firm that offers services focused on the application of quantitative approaches to support drug development decisions. The firm supports a wide variety of drug development decisions, including dose selection, developing pediatric development plans, investigating the potential risk for QTc prolongation, providing regulatory advice and more.",https://pharmetheus.com/,yes,SimplerQMS directory
ATP-CGPharm Group,Switzerland,🔥 HOT,"regulatory/QA focus, boutique/specialist, serves startups/SMEs, actively hiring, active marketing/content, growth/BD language",not published,owner,2015,not published,https://www.linkedin.com/company/atp-cgpharmgroup,regulatory/QA focus,"The ATP-CGPharm Group is a consultancy that helps to support the improvement of the manufacturing processes and quality programs to ensure medical product quality, patient safety, and strict compliance with regulatory requirements. The company offers a broad range of services in GxP Engineering, Commissioning, Qualification & Validation, Quality Assurance, Quality Control, and Environmental Monito",https://atp-cgpharm-group.com/,yes,SimplerQMS directory
Confinis,UK & Ireland,🔥 HOT,"regulatory/QA focus, boutique/specialist, serves startups/SMEs, exhibits at events (spend signal), active marketing/content, growth/BD language",not published,CEO,,ukrp@confinis.com,https://www.linkedin.com/company/confinis,regulatory/QA focus,"Regulatory consultancy specializing in providing advice and services to the medical device, combination product, and IVDD manufacturers.Particular expertise in new product development from idea through registration to commercialization and post-market activities.",https://www.confinis.com/,yes,SimplerQMS directory
Lorit Consultancy,UK & Ireland,🔥 HOT,"regulatory/QA focus, boutique/specialist, serves startups/SMEs, exhibits at events (spend signal), hiring for business development (strong spend signal), active marketing/content, growth/BD language",not published,Co-founder,,info@lorit-consultancy.com,https://www.linkedin.com/company/lorit-consultancy,regulatory/QA focus,"Lorit Consultancy offers consultancy, support, training and online-courses in functional safety related projects in the medical, automotive and reliability sectors. Medical: IEC 60601-1, IEC 62304, ISO 14971, IEC 62366-1, AAMI TIR57 Automotive: ISO 26262, Automotive SPICE®, SAE J3061, IEC 61508 Reliability: IEC 61709, SN 29500, FIDES and DO-178C and DO-254 Quality Management: IATF 16949, ISO 13485",https://lorit-consultancy.com/,yes,SimplerQMS directory
H2 Pharma Consulting,UK & Ireland,🔥 HOT,"regulatory/QA focus, boutique/specialist, serves startups/SMEs, hiring for business development (strong spend signal)",not published,owner,2007,enquiries@h2pharma.co.uk,https://www.linkedin.com/company/h2-pharma-consulting-limited,boutique/specialist,"H2 Pharma Consulting is a specialist Consultancy Group providing comprehensive product development services to the Biotech and Pharmaceutical Industry, Research Institutions, and Academia. The scope of their services spans the spectrum of drug product development activities from early pre-clinical evaluation through to full development and product registration.",http://www.h2pharma.co.uk/,yes,SimplerQMS directory
Seuss Consulting,Netherlands,🔥 HOT,"regulatory/QA focus, boutique/specialist, serves startups/SMEs, actively hiring, active marketing/content",not published,,,not published,https://www.linkedin.com/company/seuss-plus-life-science-consulting,—,"Seuss Consulting provides various consulting services to companies within the Pharmaceutical, Biotech, Medical Device industries, and CRO & specialty suppliers. The firm specializes in business consulting services like Vendor Selection and Management, Outsourcing, Insourcing Strategies, and Company Analysis.",https://consultseuss.com/,yes,SimplerQMS directory
Emmace Consulting,Sweden,🔥 HOT,"regulatory/QA focus, boutique/specialist, founder-led, serves startups/SMEs, hiring for business development (strong spend signal), active marketing/content, growth/BD language, larger/established firm",Svensson,CEO,2015,info@emmace.se,https://www.linkedin.com/company/emmace-consulting-ab,—,"Emmace Consulting offers services in advising and performance testing of Pharmaceutical products on a CRO-basis. Emmace Consulting has commercial experience in developing and characterizing inhaled medicinal products. Therefore, it can help customers with planning for the development of an inhaled medication, either as a new product or a generic product.",https://www.emmace.se/,yes,SimplerQMS directory
Alacrita Consulting,UK & Ireland,🔥 HOT,"regulatory/QA focus, boutique/specialist, serves startups/SMEs, actively hiring, active marketing/content, growth/BD language",not published,founder,,asouthwell@alacrita.com,https://www.linkedin.com/company/alacrita-consulting,—,"Alacrita is ready to support you through every step of the pharmaceutical product development process, leveraging their scientific, clinical, and commercial expertise to help you maximize value at each stage.",https://www.alacrita.com/,yes,SimplerQMS directory
Datod Consulting,UK & Ireland,⭐ STRONG,"regulatory/QA focus, boutique/specialist, serves startups/SMEs, active marketing/content, growth/BD language",not published,Founder,,matt.wictome@datod-consulting.co.uk,https://www.linkedin.com/company/datod-consulting,"startup/SME-facing, regulatory/QA focus","Datod provides process improvement and change management consultancy to small to medium-sized organizations helping them unravel complexity from their organizations. Particular focus on improving Quality Management Systems to improve efficiency, effectiveness, and compliance.",https://www.datod-consulting.co.uk/,yes,SimplerQMS directory
Zwiers Regulatory Consultancy,Netherlands,⭐ STRONG,"regulatory/QA focus, boutique/specialist, serves startups/SMEs, actively hiring",not published,,,info@az-regulatory.com,https://www.linkedin.com/company/zwiers-regulatory-consultancy-bv,regulatory/QA focus,"Zwiers Regulatory Consultancy provides full regulatory support for Medical Device and Pharmaceutical companies, throughout the entire product lifecycle. From initial clinical trial application to post-marketing compliance. The consulting firm’s services include Regulatory Strategic Advice, Medical Writing, Regulatory Intelligence, and Training.",https://www.az-regulatory.com/,yes,SimplerQMS directory
Progress-PME,Netherlands,⭐ STRONG,"regulatory/QA focus, boutique/specialist, actively hiring, active marketing/content",not published,Managing Director,,info@progress-lifesciences.nl,https://www.linkedin.com/company/progress-pme,regulatory/QA focus,"Progress-PME consultancy partner for businesses in the Pharmaceutical and Biotechnology industries, as well as the Healthcare sector. The company provides knowledge and expertise in phases ranging from drug development to commercial manufacturing. Progress-PME operates primarily in The Netherlands and offers services related to Project Management, Engineering, Validation, and Quality Assurance.",https://www.progress-pme.nl/,yes,SimplerQMS directory
Regivet,Netherlands,⭐ STRONG,"regulatory/QA focus, boutique/specialist, founder-led, serves startups/SMEs, actively hiring",not published,Managing Director,,info@regivet.com,https://nl.linkedin.com/company/regivet,boutique/specialist,"Regivet is a small, independent consulting firm that specialized in the development and registration of veterinary pharmaceuticals in Europe. the company has experience in the development of different formulations like tablets, powders, injection fluids (solutions and suspensions), intramammary, and topical products.",http://regivet.com/,yes,SimplerQMS directory
AUTHOR! Data Analysis and Reporting,Netherlands,⭐ STRONG,"regulatory/QA focus, boutique/specialist, actively hiring, active marketing/content",not published,owner,,not published,https://www.linkedin.com/company/veristat-llc,"boutique/specialist, regulatory/QA focus","AUTHOR! provides medical writing services and data analysis support for a large number of Pharmaceutical and Biotechnical companies throughout Europe. The company works in close collaboration with international multidisciplinary clinical teams of medical professionals, advisors, regulatory affairs specialists, statisticians, data managers, SAS-programmers, and document formatting experts.",https://www.author.nl/,yes,SimplerQMS directory
KEY2COMPLIANCE,Sweden,⭐ STRONG,"regulatory/QA focus, boutique/specialist, serves startups/SMEs, actively hiring, active marketing/content, growth/BD language, larger/established firm",not published,,,info@key2compliance.com,https://www.linkedin.com/company/key2compliance,regulatory/QA focus,"KEY2COMPLIANCE specializes in Regulatory Affairs, Quality Assurance, Biological Evaluations and Toxicology, and Clinical Development services specifically for Medical Device Companies for companies involved in the development, manufacturing and beyond. The firm also offers programs for Training and Education for both Pharmaceuticals and Medical device products throughout the full product life cycl",https://key2compliance.com/,yes,SimplerQMS directory
Avanti Europe,Switzerland,⭐ STRONG,"regulatory/QA focus, boutique/specialist, serves startups/SMEs, active marketing/content",not published,CEO,,not published,https://www.linkedin.com/company/avantieurope,"boutique/specialist, regulatory/QA focus","Avanti Europe is a specialist consultancy and knowledge management company. The company provides expert support and offers solutions during the entire product lifecycle in highly regulated industrial areas including Medical Devices, Pharmaceuticals, and more. The firm provides services within Design & Development, Project Management, Quality Assurance, Regulatory Affairs, Risk Management, and Proc",https://www.avanti-europe.ch/,yes,SimplerQMS directory
Carag,Switzerland,⭐ STRONG,"regulatory/QA focus, boutique/specialist, serves startups/SMEs, actively hiring",not published,CEO,,info@opten.ch,,"boutique/specialist, regulatory/QA focus","Carag offers specialized engineering and Medical Device consulting services that provide its clients with advantages in their markets without taking center stage itself. The broad range of services starts with technical feasibility checks and continues with product development through marketing approvals, regardless of the regulatory complexity.",https://www.carag.com/en/,yes,SimplerQMS directory
Trinzo,Switzerland,⭐ STRONG,"regulatory/QA focus, boutique/specialist, founder-led, serves startups/SMEs, actively hiring, active marketing/content, growth/BD language, larger/established firm",Conor,CEO,,info@trinzo.com,https://www.linkedin.com/company/trinzo,"boutique/specialist, regulatory/QA focus","Trinzo is a consultancy that works with Medical Device companies to help solve their quality and regulatory compliance challenges. The firm applies a personalized approach to the customer’s needs and provides a wide range of services, including, Quality and Regulatory Compliance & Remediation, Project Management, Lean Quality Systems, Interim Leadership, and Talent Acquisition.",https://www.trinzo.com/,yes,SimplerQMS directory
Pharmaceutical Engineering Consultants (PEC),Denmark,⭐ STRONG,"boutique/specialist, exhibits at events (spend signal), actively hiring, active marketing/content, growth/BD language, larger/established firm",not published,,,not published,https://www.linkedin.com/company/ellab,(larger firm — de-prioritised),Pharmaceutical Engineering Consultants (PEC) is an innovative engineering consultancy that assists and manages projects within the Life Science industry. The firm has grown into one of the leading consultancy companies in Denmark within the field of production of Medical Devices and can contribute in most phases of a device project.,http://www.pec.dk/,yes,SimplerQMS directory
Axxos,Switzerland,⭐ STRONG,"regulatory/QA focus, boutique/specialist, serves startups/SMEs, exhibits at events (spend signal), active marketing/content, larger/established firm",not published,CEO,2012,info@axxos.ch,https://www.linkedin.com/company/axxos-ag,"regulatory/QA focus, (larger firm — de-prioritised)","Axxos is a consulting company with an overall experience of more than 125 years in the Medical Device field and has collected extensive and profound expertise. Company’s main area of expertise Quality Management and can support its clients in areas like Quality Management ISO 13485, FDA Services, Clinical Evaluation, and Validation.",https://www.axxos.ch/en/,yes,SimplerQMS directory
MHHC,Switzerland,⭐ STRONG,"founder-led, hiring for business development (strong spend signal)",Maria Heimgartner,CEO,,consulting@mhhc.ch,,—,"MHHC is a Pharmaceutical consulting company that provides a full range of services for Pharmaceutical or Biotech companies planning to expand their operations into Switzerland. The firm’s service offering includes the core aspects of pharmaceutical or biotech subsidiary establishment in Switzerland – financial and legal set-up, medicinal product approvals, and required pharmaceutical licenses.",https://mhhc.ch/,yes,SimplerQMS directory
Haughton Design,UK & Ireland,⭐ STRONG,"regulatory/QA focus, boutique/specialist, founder-led, serves startups/SMEs, actively hiring, active marketing/content, growth/BD language, larger/established firm",Ghadar Ash,owner,1995,enquiries@haughtondesign.co.uk,https://www.linkedin.com/company/haughton-design,—,"Haughton Design’s product design & medical device development services were created to deliver a first-class solutions to their clients. They provide a complete package, from concept design to industrialization, rather than just producing ‘aesthetic, blue sky’ design work.",https://haughtondesign.co.uk/,yes,SimplerQMS directory
Psephos Biomedica,UK & Ireland,⭐ STRONG,"regulatory/QA focus, boutique/specialist, serves startups/SMEs, active marketing/content, growth/BD language",not published,CEO,2021,info@psephos.com,https://www.linkedin.com/company/psephos-biomedica,—,Psephos Biomedica was founded in 2001 and works with clients from around the world to help them bring medical technologies to market. They pride themselves on high focus and experienced team.,https://www.psephos.com/,yes,SimplerQMS directory
Flintloque Management Systems,UK & Ireland,⭐ STRONG,"regulatory/QA focus, actively hiring, active marketing/content",not published,owner,,enquiries@flintloque.co.uk,https://www.linkedin.com/company/flintloque-management-systems,—,Flintloque implements an International Management System Standard to help their customers access restricted markets and get a step ahead of their competition. Flintloque is a leading consultancy with rich experience.,https://www.flintloque.co.uk/,yes,SimplerQMS directory
Springboard Pro,UK & Ireland,⭐ STRONG,"regulatory/QA focus, boutique/specialist, serves startups/SMEs, active marketing/content",not published,,2021,info@sanner-group.com,https://www.linkedin.com/company/sannergroup,—,Springboard specializes in the development of medical devices from concept to manufacture for regulated markets.,https://www.springboard.pro/,yes,SimplerQMS directory
Drive Phase PV,UK & Ireland,⭐ STRONG,"regulatory/QA focus, boutique/specialist, founder-led, active marketing/content",Tom Nichols Tom,,2018,info@drivephasepv.com,https://www.linkedin.com/company/drive-phase-pv,—,"Drive Phase PV provides pharmacovigilance and device-vigilance support and auditing in both clinical and post-marketing settings, with particular expertise in oncology and biologics.",https://www.drivephasepv.com/,yes,SimplerQMS directory
Drehm Pharma,Austria,✅ GOOD,"regulatory/QA focus, boutique/specialist, serves startups/SMEs, growth/BD language",not published,,,not published,https://www.linkedin.com/company/drehm-pharma,regulatory/QA focus,"Drehm Pharma offers a broad range of consultancy services to pharmaceutical companies of all sizes. They support successful product lifecycle management, ranging from the conception of a product idea through strategic planning, development, testing, registration, marketing, and quality management.",https://drehm.at/en/,yes,SimplerQMS directory
Anapur AG,Austria,✅ GOOD,"regulatory/QA focus, boutique/specialist, serves startups/SMEs",not published,,,info@anapur.de,https://www.linkedin.com/company/anapur-ag,boutique/specialist,"Over many years, Anapur has built significant know-how in the area of validation and qualification of pharmaceutical systems. They offer solutions tailored to meet your demands for reaching GMP compliance.",https://anapur.de/,yes,SimplerQMS directory
Borgensgaard Consulting,Denmark,✅ GOOD,"regulatory/QA focus, active marketing/content",not published,,,charlotte@borgensgaard-consulting.dk,https://www.linkedin.com/company/borgensgaard-consulting,regulatory/QA focus,"Borgensgaard Consulting provides a variety of consulting services to companies in the Life Science industry like Medical Device, Pharmaceutical, and Biotech but is also very relevant for other industries. The firm specializes primarily in Quality Leadership, Quality Management, Regulatory Compliance, and Human Behavior.",https://borgensgaard-consulting.dk/,yes,SimplerQMS directory
PCS – Pharmaceutical Consultancy Services,Netherlands,✅ GOOD,"regulatory/QA focus, boutique/specialist, founder-led, active marketing/content, growth/BD language, larger/established firm",Build,owner,1990,not published,https://www.linkedin.com/company/pcswoerden,"boutique/specialist, regulatory/QA focus","PCS – Pharmaceutical Consultancy Services provides specialized services to the Pharmaceutical, Medical Devices, and related health care industries to meet current regulatory requirements. Due to its extensive network of associates, PCS can provide a specialized project team to meet all GxP/ QA/ Validation/ Training and Regulatory requirements.",https://www.pcs-nl.com/,yes,SimplerQMS directory
Interdos,Netherlands,✅ GOOD,"regulatory/QA focus, boutique/specialist, founder-led, serves startups/SMEs, actively hiring, growth/BD language, larger/established firm",Gloria,,1997,pv@interdos.nl,https://www.linkedin.com/company/27001490,"boutique/specialist, regulatory/QA focus","Interdos offers consultancy services for Human Pharmaceutical products, Medical Devices (CE products), and Nutraceuticals. The firm has a team of experts in a range of professional services: Regulatory Support, Clinical Studies, Pharmacovigilance Services, and Quality Assurance activities.",https://www.interdos.nl/,yes,SimplerQMS directory
DADA Consultancy,Netherlands,✅ GOOD,"regulatory/QA focus, boutique/specialist, active marketing/content",not published,,1984,office@dada.nl,https://www.linkedin.com/company/dada-consultancy-b,"boutique/specialist, regulatory/QA focus","DADA Consultancy is one of the leading independent consulting agencies for Regulatory Affairs in Europe, the firm offers a full range of high quality and tailored regulatory and pharmacovigilance services for human and veterinary products. DADA Consultancy has a team of experts is highly trained Chemical, Pharmaceutical, and Biomedical professionals, supported by a wide network of external scienti",https://www.dada.nl/,yes,SimplerQMS directory
CURARE,Netherlands,✅ GOOD,"regulatory/QA focus, boutique/specialist, founder-led, actively hiring, growth/BD language, larger/established firm",Jan Noukens,Principal Consultant,1998,info@curareconsulting.com,https://nl.linkedin.com/company/curareconsulting,"boutique/specialist, regulatory/QA focus","CURARE is a consultancy firm that specializes in designing strategies for early clinical drug development programs. The firm has a team of experts that have a strong drive and a pragmatic approach to make each project successful within the budget and time constraints given. CURARE’s main areas of expertise are Strategic Clinical Drug Development, Clinical Pharmacology, and Clinical Regulatory supp",https://www.curareconsulting.com/,yes,SimplerQMS directory
DGr Pharma,Netherlands,✅ GOOD,"regulatory/QA focus, boutique/specialist, founder-led, serves startups/SMEs, actively hiring, growth/BD language, larger/established firm",Erik,co-founder,2022,not published,,regulatory/QA focus,"DGr Pharma aims to promote a fast and high-quality drug development process in close cooperation with the Pharmaceutical and Biotech companies through consultancy and contract research services. DGr Pharma provides consultancy services in early phase drug development with a focus on PK, Clinical Pharmacology, CMC, Regulatory Affairs, and IT support.",https://www.dgrpharma.com/,yes,SimplerQMS directory
Truly Translational Sweden,Sweden,✅ GOOD,"regulatory/QA focus, boutique/specialist, serves startups/SMEs, growth/BD language",not published,CEO,2011,not published,https://www.linkedin.com/company/truly-labs-ab,boutique/specialist,"Truly Translational Sweden provides consultancy and experimental services within translational science in a tailored manner to support the Pharmaceutical and Life Science industry. The main areas of expertise for the firm are Strategic Project Planning, Pre-Clinical Development, Precision Medicine, and Business Development.",https://www.trulytranslational.com/,yes,SimplerQMS directory
GXP CONSULTING,Switzerland,✅ GOOD,"regulatory/QA focus, boutique/specialist, actively hiring",not published,,,contact@gxp-cs.com,,"boutique/specialist, regulatory/QA focus","GXP CONSULTING is a consulting company specialized in Life Sciences which provides high-quality support to its customers through a full range of services throughout the whole product lifecycle. The firm specializes in areas like Quality Assurance, Qualification/Validation, Regulatory Affairs, Operational Excellence, Engineering, Manufacturing and Maintenance, and Project Management.",http://www.gxp-cs.com/en,yes,SimplerQMS directory
The Tao of Excellence,Switzerland,✅ GOOD,"regulatory/QA focus, boutique/specialist, serves startups/SMEs, growth/BD language",not published,CEO,2002,meetus@taoexcellence.ch,https://www.linkedin.com/company/taoexcellence,"boutique/specialist, regulatory/QA focus","The Tao of Excellence is a team of experts that provide hands-on support and specialist services for Medical Device manufacturers. The firm assists clients within areas like Regulatory Strategy, Compliance, Audit readiness, Certification, and Quality Management System related topics.",https://taoexcellence.ch/,yes,SimplerQMS directory
GMB Services,Switzerland,✅ GOOD,"regulatory/QA focus, actively hiring, growth/BD language",not published,CEO,,info@gmb-services.com,https://www.linkedin.com/company/9382737,regulatory/QA focus,"GMB Services is a multi-disciplinary consulting company providing solutions for complex Medical Devices. GMB Services can assist companies within specific or all PLM phases. Moreover, the firm provides services within areas like Regulatory Affairs and Quality Assurance consulting services (CE marking, FDA submission, QMS).",https://gmb-services.com/,yes,SimplerQMS directory
International Device Solutions,UK & Ireland,✅ GOOD,"regulatory/QA focus, boutique/specialist, serves startups/SMEs",not published,Principal Consultant,,not published,,boutique/specialist,"Independent and nonexclusive consultant and subject matter expert for global pharmaceutical, medical device, financial and legal companies. From unmet needs to manufacturing control and scale-up.",https://www.idevices.ch/,yes,SimplerQMS directory
Repower Quality,UK & Ireland,✅ GOOD,"regulatory/QA focus, serves startups/SMEs, growth/BD language",not published,,,not published,https://www.linkedin.com/company/RepowerQuality,regulatory/QA focus,"Owned by Rebecca Power, Repower Quality provides Quality Assurance consultancy and Electronic Quality Management System (EQMS) implementation support, primarily to the cGMP-regulated Pharmaceutical and Biopharmaceutical industry in Ireland.",https://repowerquality.com/,yes,SimplerQMS directory
Pharma Quality Partners,UK & Ireland,✅ GOOD,"regulatory/QA focus, founder-led, growth/BD language",Justin Ahern,founder,2013,justin.ahern@pharmaqpltd.com,https://www.linkedin.com/company/pharma-quality-partners-ltd,regulatory/QA focus,"Pharma Quality Partners Ltd was established in 2013 with the vision of achieving “Quality Excellence Through Partnership”.  Their Consultancy includes GMP, Pharmaceutical Quality Assurance, and Qualified Person related services.",https://www.pharmaqpltd.com/,yes,SimplerQMS directory
The GMP Group,UK & Ireland,✅ GOOD,"regulatory/QA focus, boutique/specialist, serves startups/SMEs, actively hiring, growth/BD language, larger/established firm",not published,,1997,info@thegmpgroup.com,,regulatory/QA focus,The GMP Group is an international consulting company with over 40 years’ experience in Pharmaceutical Validation and Compliance Validation of Processes in line with Regulatory Requirements.,https://www.thegmpgroup.com/,yes,SimplerQMS directory
bioSynergy Consulting,UK & Ireland,✅ GOOD,"regulatory/QA focus, boutique/specialist, founder-led, growth/BD language",Niall Henderson,,2011,info@biosynergyconsulting.co.uk,https://www.linkedin.com/company/biosynergy-consulting-ltd,regulatory/QA focus,"bio Synergy Consulting is well connected within the industry and works closely with a wide range of experts in manufacturing, testing, quality, and regulatory affairs.",https://www.biosynergyconsulting.co.uk/,yes,SimplerQMS directory
Purple Vigilance,UK & Ireland,✅ GOOD,"boutique/specialist, founder-led, serves startups/SMEs",Ruth,,2011,not published,,startup/SME-facing,"The aim of Purple Vigilance is to ensure patient safety, whilst maintaining compliance with legislative requirements. They aim to provide high quality and cost-effective solutions, to support the requirements of companies of all sizes.",http://purplevigilance.co.uk/,yes,SimplerQMS directory
Nordic Pharma Consulting,Denmark,✅ GOOD,"regulatory/QA focus, boutique/specialist, serves startups/SMEs, growth/BD language",not published,,,info@npcdk.com,,—,"Nordic Pharma Consulting has solid know-how in various Pharmaceutical areas. It offers services within Project Management, Consulting, Personal Management, Business Strategy, Implementation of Business Opportunities, Industry Assessment, Business Process Optimization, Strategic Performance Measurement & Reporting, Innovation & Patents, as well as People Management.",http://www.nordicpharmaconsulting.com/,yes,SimplerQMS directory
TriTiCon,Denmark,✅ GOOD,"boutique/specialist, serves startups/SMEs, actively hiring, active marketing/content, growth/BD language, larger/established firm",not published,,,info@triticon.com,,—,"TriTiCon is an eClinical consulting company with expertise in Clinical Data Processes and Systems. From strategy to end-user training, the TriTiCon can help Pharmaceutical companies all the way in establishing their end-to-end solution for handling clinical data. The firm focuses on areas like Subject Matter Expertise, Strategic Understanding, and Project Management.",https://www.triticon.com/,yes,SimplerQMS directory
J.F.B Consulting,Sweden,✅ GOOD,"regulatory/QA focus, boutique/specialist, serves startups/SMEs",not published,,2016,info@jfb-consulting.com,https://www.linkedin.com/company/33215717,—,"J.F.B Consulting has a network of consultants that brings over 40 years of experience with the goal of providing Medical Device, Pharmaceutical, and Biotechnology companies with a high level of service and dedication. The firm specializes in Strategy, Sales & Marketing, Health Economy, Market Access & Pricing, Product Planning, Supply Chain Guidance.",https://www.jfb-consulting.com/,yes,SimplerQMS directory
Phase2Phase Biopharma Consulting,Sweden,✅ GOOD,"regulatory/QA focus, boutique/specialist, serves startups/SMEs",not published,Founder,,contact@phase2phase.com,,—,"Phase2Phase Biopharma Consulting provides CMC (Chemistry Manufacturing & Control) services for the Pharmaceutical and Biotech industry within the areas of Research, Development as well as Life Cycle Management of already commercialized products.",https://phase2phase.com/,yes,SimplerQMS directory
Commala,UK & Ireland,✅ GOOD,"regulatory/QA focus, boutique/specialist, active marketing/content",not published,,,mike@commala.co.uk,,—,"Commala specializes in the development of medical devices and combination products, including planning, project managing, design history file compilation, and safety risk management. More than 13 years of experience in Pharmaceutical Medical Device and Combination Product development.",https://www.commala.co.uk/,yes,SimplerQMS directory
The Electrospinning Company,UK & Ireland,✅ GOOD,"regulatory/QA focus, boutique/specialist, active marketing/content",not published,CEO,2015,info@electrospinning.co.uk,https://www.linkedin.com/company/the-electrospinning-company-ltd,—,Electrospinning supports the development of electrospun medical devices from concept or prototype to the market with over 30 years of combined experience in biomedical electrospinning.,https://www.electrospinning.co.uk/,yes,SimplerQMS directory
QVigilance,UK & Ireland,✅ GOOD,"regulatory/QA focus, boutique/specialist, founder-led, active marketing/content, growth/BD language, larger/established firm",Kate Chasmar,,,info@qvigilance.com,https://www.linkedin.com/company/qvigilance,—,QVigilance is committed to delivering quality-driven pharmacovigilance services with a focus on clinical trial and post-authorization needs.,https://www.qvigilance.com/,yes,SimplerQMS directory
Compliance Angels,UK & Ireland,✅ GOOD,"regulatory/QA focus, boutique/specialist, growth/BD language",not published,Managing Director,,enquiries@complianceangels.com,https://www.linkedin.com/company/compliance-angels,—,"Compliance Angels, a consultancy company, which provides comprehensive, expert, and quality compliance advice and services to the pharmaceutical industry.",https://complianceangels.com/index.html,yes,SimplerQMS directory
CommQP,UK & Ireland,✅ GOOD,"regulatory/QA focus, boutique/specialist, serves startups/SMEs, growth/BD language",not published,,2006,mukesh@commqp.co.uk,,—,Mukesh Patel established CommQP with the purpose of providing a combination of technical and commercial consultancy services with a main focus on the Pharmaceutical sector.,https://www.commqp.co.uk/,yes,SimplerQMS directory
InsideReg,Switzerland,⚪ QUALIFY,"regulatory/QA focus, serves startups/SMEs",not published,,,not published,,"startup/SME-facing, regulatory/QA focus","InsideReg is a small Regulatory Affairs Consultancy specializing in Chemistry, Manufacturing, and Controls (CMC) and Regulatory strategy. The firm works with companies of all sizes: from start-ups to top ten pharma, and at all stages of product development: from proof of concept to post-marketing activities.",https://insidereg.com/,site unreachable,SimplerQMS directory
ECT Healthcare Consultancy,UK & Ireland,⚪ QUALIFY,"regulatory/QA focus, serves startups/SMEs",not published,,,not published,,"startup/SME-facing, regulatory/QA focus","ECT Healthcare Consultancy provides Regulatory, New Product Development, and Commerical consultancy services to the Medical Device and Healthcare Technology Industries. Collaborating with cutting-edge healthcare SMEs and larger OEMs.",https://www.ecthealthcare.com/,site unreachable,SimplerQMS directory
Guide Consulting,UK & Ireland,⚪ QUALIFY,"regulatory/QA focus, serves startups/SMEs",not published,,,not published,,"startup/SME-facing, regulatory/QA focus","Established to support small to medium-sized businesses with developing and maintaining their management system. Services include ISO 9001, ISO 14001, ISO 45001, ISO 27001, ISO 22301, and ISO 13485.",https://guideconsulting.co.uk/,site unreachable,SimplerQMS directory
Michor Consulting,Austria,⚪ QUALIFY,regulatory/QA focus,not published,,,not published,,regulatory/QA focus,"From conception and strategy to post-market maintenance – Michor Consulting offers advice and training in all key areas of regulatory affairs, compliance, business organization, quality assurance, and risk and interim management.",https://www.michor-consulting.eu/,site unreachable,SimplerQMS directory
BioMedConsult,Austria,⚪ QUALIFY,"boutique/specialist, serves startups/SMEs",not published,,2006,office@biomedconsult.at,https://www.linkedin.com/company/biomedconsult,boutique/specialist,BioMedConsult was founded in 2006 as an independent consulting company which offers their international clients a comprehensive & high level of expertise in Life Science.,https://biomedconsult.at/,yes,SimplerQMS directory
Acet Pharma,Austria,⚪ QUALIFY,"regulatory/QA focus, boutique/specialist",not published,managing director,,info@acet.at,,regulatory/QA focus,"Acet Pharma is a consulting company founded in 2016 by Udo Tschernuter. Acet Pharma offers support and assistance in all pharmaceutical-technical areas such as product development, manufacturing, storage, transport, quality-control, quality-assurance, regulatory documents.",https://www.acet.at/en,yes,SimplerQMS directory
RAQA,Denmark,⚪ QUALIFY,regulatory/QA focus,not published,,,not published,,regulatory/QA focus,"RAQA advises and supports medical device companies and local councils/hospitals in Regulatory Affairs and Quality Assurance compliance from their office in Ringsted, Denmark. Their goal is to provide clients with the tools to understand and navigate the applicable regulations, guiding and supporting their compliance processes as needed.",https://raqa.dk/en/,site unreachable,SimplerQMS directory
IWA Consulting,Denmark,⚪ QUALIFY,"regulatory/QA focus, boutique/specialist",not published,,,not published,,"boutique/specialist, regulatory/QA focus","IWA Consulting is a group of regulatory affairs specialists providing expert services to a range of international private and public clients within industries like Medical Device, Biotech, and Pharma. The consulting firm has long-term experience within regulatory affairs, in-depth knowledge, and an understanding of the sense of urgency that applies to this business area.",https://iwaconsulting.dk/,site unreachable,SimplerQMS directory
Medicologic,Denmark,⚪ QUALIFY,"regulatory/QA focus, boutique/specialist",not published,,,not published,,"boutique/specialist, regulatory/QA focus","Medicologic has a team of dedicated freelance consultants and specialists that help companies develop solutions that meet the expectations, requirements, and challenges in the Medtech and Pharma markets. The consulting firm provides services like In-Housing, MDR- & IVDR, Service Agreements, QMS, and others.",https://medicologic.com/,site unreachable,SimplerQMS directory
PHARMAKIA,Denmark,⚪ QUALIFY,regulatory/QA focus,not published,,,not published,,regulatory/QA focus,"Pharmakia is a Private Limited Company managed by an owner who is also a consultant. The owner of the consulting firm, Stephane Labrosse, can help you in the areas of Project Management, Quality Assurance, Regulatory Affairs, Validation, and Technical Expertise in Medical Device development.",https://www.pharmakia.dk/,site unreachable,SimplerQMS directory
MEDQURE Consultancy,Denmark,⚪ QUALIFY,regulatory/QA focus,not published,,,not published,,regulatory/QA focus,"MEDQURE provides Regulatory Affairs courses and consultancy to Medical Device manufacturers in Project management, Quality Assurance, Product development, and other field areas. The firm offers consulting services to medium and large Medtech, Diagnostic, Rehab, Dental, and Telemedicine companies.",https://www.medqure.se/,site unreachable,SimplerQMS directory
NORD Pharma Partners,Denmark,⚪ QUALIFY,regulatory/QA focus,not published,,,not published,,regulatory/QA focus,"NORD Pharma Partners offer a variety of consulting services for the Pharmaceutical industry in the EU. The company can assist with a specific task, as well as provide a permanent or long-term solution in core areas of expertise: Regulatory Affairs, Pharmacovigilance, Contract Manufacturing, Clinical Trial Supply, and QA/QP Services, GMP.",https://nordpharmapartners.com/,site unreachable,SimplerQMS directory
TOP Medical,Netherlands,⚪ QUALIFY,"serves startups/SMEs, growth/BD language",not published,,,not published,,boutique/specialist,"TOP Medical has a qualified team of experts, experienced in the assessment and commercialization of Medical Devices. The consulting company addresses the growing market need for Clinical Trial Services, Logistics, Customer Service, Training, and Sales & Marketing Consultancy.",http://www.top-medical.com/en/,site unreachable,SimplerQMS directory
2BMedical,Netherlands,⚪ QUALIFY,boutique/specialist,not published,,,info@2bmedical.com,,boutique/specialist,"2BMedical is a small firm that develops Medical Device Concepts and provides as well consultancy as contract research to its customers. It provides consultancy services such as Business Development, Marketing, Feasibility, and Due Diligence Studies, Project and Innovation Management, Management Consultancy, Clinical Studies, Congresses, Text Writing.",https://2bmedical.com/,yes,SimplerQMS directory
PSR Orphan Experts,Netherlands,⚪ QUALIFY,regulatory/QA focus,not published,,,not published,,regulatory/QA focus,"PSR is a full-service Orphan Drug CRO, it provides Biopharmaceutical companies with a variety of services that allow end-to-end solutions spanning the whole Orphan drug development cycle. The firm can support clients with an integrated approach from Regulatory Strategy through to conducting the necessary Clinical Studies in all development phases.",https://orphandrugexperts.com/,site unreachable,SimplerQMS directory
Quality RA,Netherlands,⚪ QUALIFY,"regulatory/QA focus, boutique/specialist",not published,Managing Director,,info@qualityra.nl,https://www.linkedin.com/company/quality-ra-b-v-,"boutique/specialist, regulatory/QA focus","Quality RA is a small consultancy firm with experience in the fields of recombinant proteins, cell and gene therapy, monoclonal antibodies, and viral vaccines. The company provides advice on Regulatory Affairs (RA) and/or Chemistry Manufacturing & Controls (CMC) in the Pharmaceutical and Biotech industry.",https://www.qualityra.nl/,yes,SimplerQMS directory
Clarvin,Sweden,⚪ QUALIFY,regulatory/QA focus,not published,,,not published,,regulatory/QA focus,Clarvin is a consulting firm focused exclusively on Regulatory Affairs and Quality Assurance for Medical Devices. The firm has extensive experience with EU and US medical device regulations and aims to create value for its clients by providing customized strategic input to the company´s regulatory compliance scheme.,https://clarvin.com/,site unreachable,SimplerQMS directory
SDS MedteQ,Sweden,⚪ QUALIFY,regulatory/QA focus,not published,,,not published,,regulatory/QA focus,"SDS MedteQ provides consultancy services within the Medical Device field. The company specializes primarily within areas like Regulatory affairs, Registration/Submission, Quality Assurance, QMS Development, Technical Documentation, Gap Analyses, Biocompatibility, Statistics, and Project Management.",https://sdsmedteq.com/,site unreachable,SimplerQMS directory
QARA Consulting,Sweden,⚪ QUALIFY,regulatory/QA focus,not published,,,not published,,regulatory/QA focus,"QARA Consulting is a consultancy company with a team of senior, expert consultants supporting clients in the Medical Device industry. The firm offers a complete range of multidisciplinary quality and regulatory services from initial device classification, technical file writing, and clinical evaluations, to post-market surveillance.",https://www.qaraconsulting.se/,site unreachable,SimplerQMS directory
Scientific Solutions Scandinavia,Sweden,⚪ QUALIFY,"regulatory/QA focus, boutique/specialist",not published,,,not published,,"boutique/specialist, regulatory/QA focus","Scientific Solutions Scandinavia specializes in management and specialist roles mainly within Regulatory and Medical Affairs, QA, PV, and Compliance. The firm provides clients with customized solutions of scientific professionals – temporary, permanent, or somewhere in between and is passionate about matching company needs with individual experience, personality, and commitment.",http://www.scientificsolutions.se/english/,site unreachable,SimplerQMS directory
Pharm Assist,Sweden,⚪ QUALIFY,regulatory/QA focus,not published,,,not published,,regulatory/QA focus,"Pharm Assist is a consultant and service company offering regulatory solutions for Medical Device and Pharmaceutical companies. The company has a team with a strong scientific and regulatory background provides tailor-made services in Regulatory Affairs, Pharmacovigilance, Medical Writing, and GDP to national and international companies.",https://www.pharmassist.se/,site unreachable,SimplerQMS directory
Fjord Consulting,Sweden,⚪ QUALIFY,regulatory/QA focus,not published,,,not published,,regulatory/QA focus,"Fjord Consulting performs consulting services in the areas of Quality Management, Product Development, Project Management, Training, and Product Registrations. The main branch is within the Medical Device and the Life Science industry. The firm has consultants with more than 12 years of experience in leading positions within this area.",https://www.fjordconsulting.se/en-GB,site unreachable,SimplerQMS directory
SDS Life Science,Sweden,⚪ QUALIFY,"regulatory/QA focus, boutique/specialist",not published,,,not published,,"boutique/specialist, regulatory/QA focus","Scandinavian Development Services (SDS) Life Science are specialized in regulatory and scientific knowledge in Pharmaceutical development, Medical Device, and statistics. The company provides expert advice on formulation development, planning of both clinical and non-clinical programs, as well as medicinal product development.",https://sdslifescience.com/,site unreachable,SimplerQMS directory
Willuhn Consulting,Sweden,⚪ QUALIFY,"regulatory/QA focus, serves startups/SMEs",not published,,,MWILLUHN@WILLUHN.SE,https://www.linkedin.com/company/willuhn-consulting-ab,regulatory/QA focus,"Willuhn Consulting provides technical expertise within Pharmaceutical development and manufacturing. The consultancy firm services within areas like manufacturing and development strategies, technical investigations and problem-solving, CMO selection, contracting, and partner management, as well as CMC documentation which includes regulatory dossier writing and review.",http://willuhn.se/,yes,SimplerQMS directory
QUNIQUE,Switzerland,⚪ QUALIFY,"regulatory/QA focus, boutique/specialist",not published,,2017,info@quniquegroup.com,https://www.linkedin.com/company/11146390,regulatory/QA focus,"QUNIQUE is a consulting company that provides Medical Device companies with customized solutions for Quality Management Systems (QMS), supporting the implementation of new processes and training personnel appropriately. Its services cover the whole range, from creating a template or a standard operating procedure (SOP) to implementing a full QMS in compliance with the regulations.",https://quniquegroup.com/,yes,SimplerQMS directory
Meditec Consulting,Switzerland,⚪ QUALIFY,regulatory/QA focus,not published,,,not published,,regulatory/QA focus,"Meditec Consulting is a firm that specializes in Regulatory and Quality Consulting services throughout the product life-cycle to help manufacturers comply with these regulatory requirements. Firms consultants have many years of experience with different regulations in various countries for medical devices, In-vitro Diagnostics, Combination Products, Pharmaceuticals, and Biologics.",https://www.meditec-consulting.ch/,yes,SimplerQMS directory
Aston Life Sciences,Switzerland,⚪ QUALIFY,"regulatory/QA focus, serves startups/SMEs",not published,,,not published,,regulatory/QA focus,"Aston Life Sciences offers Consulting and Recruitment services for its clients in the Life Sciences Industries like Pharma, Biotech, Medical Devices, Cosmetic, Diagnostic, Drug Delivery Devices, and others. The firm is usually involved in consulting projects like Engineering, Quality Assurance, Regulatory Affairs, Clinical Trials, GxP information systems, and more.",https://www.consultys.ch/,site unreachable,SimplerQMS directory
Intilaris LifeSciences,Switzerland,⚪ QUALIFY,regulatory/QA focus,not published,,,not published,,regulatory/QA focus,"Intilaris is a consulting and services company focused on helping Pharma companies to foster innovation, improve productivity and performance, and develop effective business strategies. The company delivers expertise across Strategy, Consulting, Digital, Technology, and Operations and specialize in areas like Project Management, Risk Management, Quality Management, Clinical Trial Management, Valid",https://pharma.intilaris.com/,site unreachable,SimplerQMS directory
Sensus Group,UK & Ireland,⚪ QUALIFY,"regulatory/QA focus, boutique/specialist",not published,,,not published,,"boutique/specialist, regulatory/QA focus","Sensus offers specialist consultancy, training and resource in delivering and implementing compliance of the new EU medical device (EUMDR 2017/745) and in-vitro (IVDR 2017/746) regulations.",https://sensus-group.com/,site unreachable,SimplerQMS directory
Meddev Solutions,UK & Ireland,⚪ QUALIFY,regulatory/QA focus,not published,,,not published,,regulatory/QA focus,"Team of experienced UK based medical device consultants, working in the medical device industry for both manufacturers and notified bodies. Meddev was voted the ‘Best-In-Class’ Medical Device Regulatory Consultancy company of 2020 by MedTech Outlook magazine.",https://www.meddevsolutions.co.uk/,site unreachable,SimplerQMS directory
Triune Technologies,UK & Ireland,⚪ QUALIFY,"regulatory/QA focus, boutique/specialist",not published,,,not published,,"boutique/specialist, regulatory/QA focus","Medical Device Consultancy that offers hands-on support for quality systems, including ISO 13485, 21 CFR 820, CMDCAS, auditing, gap analysis, mock regulatory inspections, process validation, regulatory submissions on 510k, CE Mark.",http://triunetech.co/,site unreachable,SimplerQMS directory
Sterile Management Systems,UK & Ireland,⚪ QUALIFY,regulatory/QA focus,not published,,,info@sterilemanagementsystems.com,,regulatory/QA focus,"Auditing, training and consultancy services for medical device industry with a focus on design, quality management and regulatory compliance and special expertise in decontamination and sterilisation.",https://www.sterilemanagementsystems.com/,yes,SimplerQMS directory
Strickland Quality Assurance,UK & Ireland,⚪ QUALIFY,"regulatory/QA focus, boutique/specialist",not published,,,not published,,"boutique/specialist, regulatory/QA focus",Strickland Quality Assurance is an independent QA consultancy providing bespoke GCP services for the healthcare industry. All types of clinical audit and regulatory inspection support are available.,http://www.stricklandqa.com/,site unreachable,SimplerQMS directory
Iolite Pharma Consulting,UK & Ireland,⚪ QUALIFY,regulatory/QA focus,not published,,,not published,,regulatory/QA focus,"Iolite Pharma Consulting offers a combination of Quality Assurance and Regulatory Affairs expertise, supported by a considerable senior management experience.",http://www.iolitepharma.com/,site unreachable,SimplerQMS directory
SPT VILECON,Denmark,⚪ QUALIFY,"boutique/specialist, growth/BD language",not published,,,contact@sptvilecon.com,https://www.linkedin.com/company/spt-vilecon,—,"SPT VILECON is offering customer-oriented consultancy, design, development, and construction services to the Medical Device and Pharmaceutical industries. The firm specializes in between design, development, and construction of Medical Devices on one hand, and injection molding on the other.",https://www.sptvilecon.com/,yes,SimplerQMS directory
Sply,Denmark,⚪ QUALIFY,"regulatory/QA focus, growth/BD language",not published,,,info@sply.dk,https://www.linkedin.com/company/sply-aps,—,SPLY is a clinical trial supply consultancy and technology company working closely with innovative Pharmaceutical and Biotech organizations. The company provides consulting services wihtin clinical trial supply management and project management based on technical expertise combined with a broad understanding of the business processes within the clinical area.,https://www.sply.dk/,yes,SimplerQMS directory
PlantVision,Sweden,⚪ QUALIFY,"regulatory/QA focus, boutique/specialist",not published,,,info@plantvision.se,https://www.linkedin.com/company/plantvision-ab,—,"PlantVision helps Life Science companies transform manufacturing, laboratory, and quality operations using a customer-centric, integrated approach. For this, the firm provides consulting and professional services together with the market’s most complete range of industry-leading solutions in this area of Life Science.",https://www.plantvision.se/,yes,SimplerQMS directory
PharmInsight,Switzerland,⚪ QUALIFY,boutique/specialist,not published,,,not published,,—,"PharmInsight is specializing in business development and portfolio optimization for companies in Life Sciences. Its clients are in Pharmaceutical, Biotech, Medical Devices, Diagnostics, R&D industries from across the globe. PharmInsight has experience in Portfolio optimization, Out-licensing and partnering Services, In-licensing services, Strategy Consulting, and Market Access Services.",https://www.pharm-insight.com/,yes,SimplerQMS directory
Prosum Medical,UK & Ireland,⚪ QUALIFY,"boutique/specialist, serves startups/SMEs",not published,,,info@prosummedical.co.uk,,—,"Prosum specializes in the design, development, manufacture, commercialization, and distribution of medical devices for the global healthcare market.",https://www.prosummedical.co.uk/,yes,SimplerQMS directory
AlacraMed,UK & Ireland,⚪ QUALIFY,growth/BD language,not published,,,not published,,—,Alacramed was formed as a spin-out from leading biopharma life science consultancy Alacrita. This allowed Alacramed to enhance its focus on a growing number of medical device clients.,https://www.alacramed.com/,site unreachable,SimplerQMS directory
Maxia Strategies,Switzerland,❌ LOW FIT,"regulatory/QA focus, boutique/specialist, serves startups/SMEs, actively hiring, larger/established firm",not published,Founder,2012,office@maxiastrategies.com,,"startup/SME-facing, regulatory/QA focus",Maxia Strategies is a Life Sciences Regulatory consultancy. The firm specializes in creating efficient product development strategies and providing supporting regulatory services. Maxia Strategies helps small to medium-sized enterprises maximize the value of their products throughout their development lifecycle.,https://maxiastrategies.com/,yes,SimplerQMS directory
Pharmaceutical and Regulatory Services GmbH,Austria,❌ LOW FIT,"regulatory/QA focus, boutique/specialist, serves startups/SMEs, active marketing/content, larger/established firm",not published,CEO,2013,office@prsg.at,https://www.linkedin.com/company/prsg-pharmaceutical-and-regulatory-services-gmbh,regulatory/QA focus,PRSG is a company that offers comprehensive services for all aspects of regulatory affairs in means of a One-Stop-Shop. They can help you identify the ideal strategic and regulatory marketability approach for your pharmaceutical product.,http://www.prsg.at/,yes,SimplerQMS directory
Qmed Consulting,Denmark,❌ LOW FIT,"regulatory/QA focus, boutique/specialist, serves startups/SMEs, growth/BD language, larger/established firm",not published,founder,2006,info@qmed-consulting.com,,regulatory/QA focus,"Qmed Consulting is a global full-service Contract Research Organization (CRO) based in Copenhagen, Denmark. The firm provides strategic consulting services in connection with Medical Device approval as well as best-in-class expertise in clinical affairs, regulatory affairs, quality management, and commercial healthcare.",https://www.qmed-consulting.com/,yes,SimplerQMS directory
Aquilo Consulting,Denmark,❌ LOW FIT,"boutique/specialist, active marketing/content, larger/established firm",not published,Owner,,contact@aquiloconsulting.com,https://www.linkedin.com/company/aquilo-healthcare-consulting,boutique/specialist,"Aquilo Consulting is an international management consulting firm specialized in developing and implementing growth strategies for private healthcare companies and public healthcare organizations. The company helps Medical Device, Pharmaceutical companies, and other healthcare providers grow the quality, efficiency, and profitability of their businesses.",https://aquiloconsulting.com/,yes,SimplerQMS directory
CEpartner4U,Netherlands,❌ LOW FIT,"regulatory/QA focus, boutique/specialist, serves startups/SMEs, larger/established firm",not published,Principal Consultant,,office@cepartner4u.com,,regulatory/QA focus,"CEpartner4U serves as a consultant and Authorized Representative (AR or EC Rep) under the European Medical Device Directives. CEpartner4U services include on-site and cyber consulting for all products under the Medical Device Directive (MDD), in-vitro diagnostic Device Directive (IVDD), and Active Implantable Medical Device Directive (AIMDD). Main areas of expertise include Regulatory Affairs, Qua",https://www.cepartner4u.com/,yes,SimplerQMS directory
Kantisto Separation Sciences,Netherlands,❌ LOW FIT,"regulatory/QA focus, boutique/specialist, founder-led, larger/established firm",Griend,founder,,not published,,boutique/specialist,"Kantisto is an independent Chemical and Pharmaceutical analysis consultancy that offers support in practical and strategic issues through long or short-term assignments, such as Method Development, Validation, and Implementation. Furthermore, Kantisto can assist in the areas of quality by design, pragmatic quality systems, and document writing and reviewing. The firm also provides in-company train",https://www.kantisto.nl/index.php,yes,SimplerQMS directory
Scandinavian Regulatory Services (SRS),Sweden,❌ LOW FIT,"regulatory/QA focus, boutique/specialist, founder-led, serves startups/SMEs, larger/established firm",Lars Janson,Managing Director,1992,not published,https://www.linkedin.com/company/scandinavian-regulatory-services-ab,"boutique/specialist, regulatory/QA focus","Scandinavian Regulatory Services (SRS) is a consultancy company offering regulatory expertise and services to the Medical Device, Pharmaceutical, and associated industries. SRS has a team of Regulatory Affairs and Quality Systems specialists with extensive experience from all different aspects of Regulatory Affairs and Quality covering a wide range of products.",https://www.srs.se/,yes,SimplerQMS directory
Nordic Market Access (NMA),Sweden,❌ LOW FIT,"boutique/specialist, serves startups/SMEs, larger/established firm",not published,,2020,info@nordicmarketaccess.com,https://www.linkedin.com/company/nordic-market-access-nma,boutique/specialist,"Nordic Market Access (NMA) has a long and broad experience of market access in the Nordics – in therapeutic areas from highly specialized products and rare diseases to primary care products. The firm specializes in Market Access Strategy and Portfolio, Reimbursement Submissions, Health Economics, and can also provide Market Access Training.",https://nordicmarketaccess.com/,yes,SimplerQMS directory
ObelysQ,Switzerland,❌ LOW FIT,"regulatory/QA focus, boutique/specialist, serves startups/SMEs, larger/established firm",not published,Managing Director,,info@obelysq.com,https://www.linkedin.com/company/obelysq-sa,boutique/specialist,"ObelysQ is a dynamic consulting company providing high-level expertise and innovative tailored solutions to the Pharmaceutical industry to optimize the execution of Clinical Trials. The firm offers services like GCP consulting, GCP and GVP auditing, SOP Development, Health Authority inspections, Training and Gap Analysis.",https://obelysq.com/en/home,yes,SimplerQMS directory
H.M. Pharma Consultancy,Austria,❌ LOW FIT,limited public signal,not published,,,not published,,—,H.M. Pharma Consultancy is an information-driven knowledge foundry in the service of pharmaceutical and medical device business development.,https://www.hmpharmacon.com/,site unreachable,SimplerQMS directory
"RD&C – Research, Development & Consulting",Austria,❌ LOW FIT,"regulatory/QA focus, boutique/specialist, serves startups/SMEs, actively hiring, larger/established firm",not published,,2016,office@rdc-impurity.com,,—,"RD&C provides expertise and consulting for R&D projects in Life Sciences from early research to market authorization. They design, plan and manage such projects with sound expertise to guarantee optimum results and revenues.",http://rdc-concepts.com/,yes,SimplerQMS directory
Vela Laboratories,Austria,❌ LOW FIT,"regulatory/QA focus, boutique/specialist, serves startups/SMEs, active marketing/content, larger/established firm",not published,Owner,,not published,https://www.linkedin.com/company/velalabs,—,"VelaLabs is a world-wide acting, GMP-certified contract laboratory that offers in-depth analytical characterization services for proteins and provides consultancy services.",https://www.vela-labs.at/,yes,SimplerQMS directory
Genau & More,Denmark,❌ LOW FIT,limited public signal,not published,,,not published,,—,"Genau & More provides a wide range of compliance services to Life Science companies to ensure that patient safety is never compromised and that the organization is always inspection-ready. Some of the onsite and offsite services that Genau & More offers are project management, validation, training, quality & compliance.",https://genauandmore.com/en,site unreachable,SimplerQMS directory
SAXOCON,Denmark,❌ LOW FIT,larger/established firm,not published,,,not published,,(larger firm — de-prioritised),"SAXOCON is a consulting company that helps Medical Device and other product manufacturers test, document, and certify that their products are in compliance with regulations and guidelines both in the EU and worldwide. The firm also provides specific Medical Devices services for drug products, breathing gas pathways, in vitro diagnostic, stents, and implants.",https://www.saxocon.com/,site unreachable,SimplerQMS directory
Emendo Consulting Group,Denmark,❌ LOW FIT,limited public signal,not published,,,not published,,—,"Emendo Consulting Group’s background-origin is within the Pharmaceutical and Food industry, but nowadays the company works across all industries, including Medical Device. The firm provides unique process expertise to all phases of a product lifecycle, from early development, the establishment of new equipment/production facilities to process optimization.",https://www.emendo.com/,site unreachable,SimplerQMS directory
AlfaNordic,Denmark,❌ LOW FIT,"regulatory/QA focus, larger/established firm",not published,,,not published,,"regulatory/QA focus, (larger firm — de-prioritised)","AlfaNordic is a consulting company with more than 90 employees working in the Life Science industry. The firm specializes in Pharmaceutical production, Project management, Management consulting, Validation, Production support, IT/AUT, QA/QC, Medical device, Regulatory Affairs (RA), and Pharmacovigilance (PV).",https://alfanordic.com/,site unreachable,SimplerQMS directory
Sigma Quality & Compliance,Denmark,❌ LOW FIT,limited public signal,not published,,,not published,,—,"Sigma Quality & Compliance offers consultancy services within various processes such as production, product development, research, testing, and purchasing. The company has a long and solid experience in both Life Science and other quality-controlled businesses.",https://www.sigmaqnc.com/en/,site unreachable,SimplerQMS directory
Zealth,Denmark,❌ LOW FIT,limited public signal,not published,,,not published,,—,"Zealth helps healthcare companies, including Pharmaceutical firms bring their products to patients. The consulting firm aims to break down the silo mentality when it comes to sales, marketing, medical and corporate affairs. Thus, its area of expertise is Marketing, Pricing, Reimbursement & Access, Medical Affairs, and Health Economics.",https://www.zealthcon.com/,site unreachable,SimplerQMS directory
Solural Pharma,Denmark,❌ LOW FIT,limited public signal,not published,,,not published,,—,"Solural Pharma has strong expertise in all aspects of Pharmaceutical development and uses this to offer consultancy support to solve CMC development, and project management needs as well as CRO/CMO expertise providing solutions for low soluble oral drugs.",https://soluralpharma.com/,site unreachable,SimplerQMS directory
BMclinical,Netherlands,❌ LOW FIT,"regulatory/QA focus, boutique/specialist, serves startups/SMEs, larger/established firm",not published,,,not published,https://www.linkedin.com/company/uniphar-clinical,—,"BMclinical offers a unique approach to clinical trial supply and aims to simplify the Pharmaceutical companies’ supply chain whilst providing the highest level of service and patient safety. Through experience and collaboration, the company offers services like Commercial Drug Sourcing, Supply Management, and Global Distribution.",https://www.bmclinical.com/,yes,SimplerQMS directory
LAP&P Consultants,Netherlands,❌ LOW FIT,limited public signal,not published,,,not published,,—,LAP&P is a consulting company that provides Modelling and Simulation (M&S) services to support decision making in Drug Discovery and Drug Development for Pharmaceutical and Biotechnological companies. The firm offers consulting services in the field of Quantitative Pharmacology to answer questions that arise during the Discovery and Development phases in a quantitative way.,https://lapp.nl/,yes,SimplerQMS directory
Beyond Conception,Switzerland,❌ LOW FIT,"regulatory/QA focus, boutique/specialist, founder-led, growth/BD language, larger/established firm",not published,owner,,contact@beyond-conception.com,https://www.linkedin.com/company/beyond-conception,"boutique/specialist, regulatory/QA focus, (larger firm — de-prioritised)","Beyond Conception is a specialized consulting firm in the Life Sciences industry, with a focus on medical devices, packaging technologies, and information security. The company works with global organizations to design and implement cross-divisional strategic and regulatory compliance projects (EU MDR, FMD, UDI) for medical devices, product security/anti-counterfeiting, and information security.",https://www.beyond-conception.com/,yes,SimplerQMS directory
Phact,Switzerland,❌ LOW FIT,"regulatory/QA focus, larger/established firm",not published,Managing Director,,not published,https://www.linkedin.com/company/phact,"regulatory/QA focus, (larger firm — de-prioritised)","Phact is a Swiss-based company and operates worldwide and specializes in supporting companies in different areas of Drug Regulatory Affairs. The company provides support in the fields of Quality, Quality Management, GMP, Regulatory Affairs, and Training. Its customers come from all over the world and from all sectors of the Pharmaceutical and Biotech industry.",https://phact.ch/,yes,SimplerQMS directory
THAY Medical,UK & Ireland,❌ LOW FIT,"regulatory/QA focus, boutique/specialist, active marketing/content, larger/established firm",not published,Principal Consultant,,enquiries@thaymedical.com,https://uk.linkedin.com/company/thay-medical-ltd,—,"THAY Medical is a new innovative Human Factors Engineering consultancy based in the UK. They are an organization focused on providing expertise on human factors for medical products. This includes medical devices, healthcare systems, and pharmaceutical (Drug delivery) devices.",https://www.thaymedical.com/,yes,SimplerQMS directory
Arevna Consulting,UK & Ireland,❌ LOW FIT,"regulatory/QA focus, larger/established firm",not published,,,not published,,"regulatory/QA focus, (larger firm — de-prioritised)","Arevna Consulting is a global solutions provider with over 20 years’ industry experience specializing in Quality and Regulatory compliance for Small, Medium, and Large scale Medical device manufacturers.",https://www.arevnaconsulting.com/,site unreachable,SimplerQMS directory
GMP Healthcare,UK & Ireland,❌ LOW FIT,"regulatory/QA focus, boutique/specialist, founder-led, growth/BD language, larger/established firm",Niall Henderson,,2011,info@biosynergyconsulting.co.uk,https://www.linkedin.com/company/biosynergy-consulting-ltd,—,A team of more than 30 permanent professionals that includes experienced pharmaceutical consultants to provide support and advice across the product life-cycle.,https://www.biosynergyconsulting.co.uk/,yes,SimplerQMS directory
Clarity Compliance Solutions,UK & Ireland,❌ LOW FIT,"regulatory/QA focus, boutique/specialist, serves startups/SMEs, growth/BD language, larger/established firm",not published,Principal Consultant,,enquiries@clarity-compliance.com,https://www.linkedin.com/company/9463018,—,"Clarity Compliance Solutions is a leading international consultancy providing a wide range of compliance services for the regulated industries including Pharmaceutical, Biotech, Research & Development, Blood, Medical Device, and associated equipment and system suppliers.",https://www.clarity-compliance.com/,yes,SimplerQMS directory
ZigZag,UK & Ireland,❌ LOW FIT,limited public signal,not published,,,not published,,—,"Zigzag has offices located in the UK, USA, and Singapore as well as a consultant network that extends our team to more than 70 experienced QA professionals based around the world.",http://www.stricklandqa.com/,site unreachable,SimplerQMS directory
Semper Vigilance,UK & Ireland,❌ LOW FIT,limited public signal,not published,,,not published,,—,Semper Vigilance is an innovative company based in London that currently works with a number of pharmaceutical companies to help meet their pharmacovigilance requirements.,http://www.sempervigilance.com/index.html,site unreachable,SimplerQMS directory
